0,10_10.tif
0,10_101.tif
0,10_102.tif
0,10_103.tif
0,10_105.tif
0,10_106.tif
0,10_107.tif
0,10_108.tif
0,10_110.tif
0,10_111.tif
0,10_112.tif
0,10_113.tif
0,10_114.tif
0,10_115.tif
0,10_116.tif
0,10_117.tif
0,10_118.tif
0,10_119.tif
0,10_12.tif
0,10_120.tif
0,10_13.tif
0,10_14.tif
0,10_17.tif
0,10_19.tif
0,10_20.tif
0,10_21.tif
0,10_22.tif
0,10_23.tif
0,10_25.tif
0,10_29.tif
0,10_33.tif
0,10_34.tif
0,10_39.tif
0,10_40.tif
0,10_43.tif
0,10_44.tif
0,10_47.tif
0,10_5.tif
0,10_50.tif
0,10_51.tif
0,10_53.tif
0,10_56.tif
0,10_57.tif
0,10_59.tif
0,10_6.tif
0,10_61.tif
0,10_62.tif
0,10_63.tif
0,10_65.tif
0,10_66.tif
0,10_67.tif
0,10_69.tif
0,10_71.tif
0,10_73.tif
0,10_74.tif
0,10_75.tif
0,10_76.tif
0,10_77.tif
0,10_78.tif
0,10_79.tif
0,10_80.tif
0,10_82.tif
0,10_85.tif
0,10_86.tif
0,10_88.tif
0,10_90.tif
0,10_92.tif
0,10_93.tif
0,10_94.tif
0,10_96.tif
0,10_99.tif
0,11_100.tif
0,11_101.tif
0,11_102.tif
0,11_103.tif
0,11_104.tif
0,11_105.tif
0,11_107.tif
0,11_110.tif
0,11_111.tif
0,11_116.tif
0,11_118.tif
0,11_15.tif
0,11_19.tif
0,11_25.tif
0,11_29.tif
0,11_31.tif
0,11_33.tif
0,11_37.tif
0,11_38.tif
0,11_4.tif
0,11_41.tif
0,11_43.tif
0,11_47.tif
0,11_49.tif
0,11_52.tif
0,11_53.tif
0,11_56.tif
0,11_57.tif
0,11_58.tif
0,11_60.tif
0,11_61.tif
0,11_63.tif
0,11_64.tif
0,11_72.tif
0,11_75.tif
0,11_76.tif
0,11_78.tif
0,11_79.tif
0,11_8.tif
0,11_81.tif
0,11_83.tif
0,11_85.tif
0,11_87.tif
0,11_88.tif
0,11_89.tif
0,11_92.tif
0,11_98.tif
0,12_1.tif
0,12_10.tif
0,12_100.tif
0,12_101.tif
0,12_102.tif
0,12_103.tif
0,12_104.tif
0,12_106.tif
0,12_107.tif
0,12_108.tif
0,12_109.tif
0,12_11.tif
0,12_110.tif
0,12_111.tif
0,12_112.tif
0,12_113.tif
0,12_114.tif
0,12_115.tif
0,12_116.tif
0,12_117.tif
0,12_118.tif
0,12_119.tif
0,12_13.tif
0,12_14.tif
0,12_15.tif
0,12_16.tif
0,12_17.tif
0,12_18.tif
0,12_19.tif
0,12_2.tif
0,12_20.tif
0,12_23.tif
0,12_25.tif
0,12_26.tif
0,12_27.tif
0,12_28.tif
0,12_29.tif
0,12_30.tif
0,12_31.tif
0,12_32.tif
0,12_34.tif
0,12_35.tif
0,12_36.tif
0,12_37.tif
0,12_38.tif
0,12_39.tif
0,12_4.tif
0,12_40.tif
0,12_43.tif
0,12_44.tif
0,12_46.tif
0,12_47.tif
0,12_48.tif
0,12_49.tif
0,12_5.tif
0,12_50.tif
0,12_51.tif
0,12_54.tif
0,12_57.tif
0,12_58.tif
0,12_59.tif
0,12_6.tif
0,12_60.tif
0,12_61.tif
0,12_62.tif
0,12_63.tif
0,12_64.tif
0,12_65.tif
0,12_66.tif
0,12_67.tif
0,12_68.tif
0,12_71.tif
0,12_72.tif
0,12_73.tif
0,12_74.tif
0,12_76.tif
0,12_77.tif
0,12_78.tif
0,12_79.tif
0,12_8.tif
0,12_80.tif
0,12_81.tif
0,12_82.tif
0,12_83.tif
0,12_84.tif
0,12_86.tif
0,12_87.tif
0,12_88.tif
0,12_89.tif
0,12_9.tif
0,12_90.tif
0,12_91.tif
0,12_92.tif
0,12_93.tif
0,12_94.tif
0,12_95.tif
0,12_96.tif
0,12_97.tif
0,12_99.tif
0,13_1.tif
0,13_10.tif
0,13_100.tif
0,13_101.tif
0,13_102.tif
0,13_103.tif
0,13_104.tif
0,13_106.tif
0,13_107.tif
0,13_109.tif
0,13_110.tif
0,13_111.tif
0,13_112.tif
0,13_113.tif
0,13_114.tif
0,13_115.tif
0,13_116.tif
0,13_118.tif
0,13_119.tif
0,13_17.tif
0,13_19.tif
0,13_23.tif
0,13_26.tif
0,13_28.tif
0,13_30.tif
0,13_32.tif
0,13_34.tif
0,13_38.tif
0,13_4.tif
0,13_42.tif
0,13_43.tif
0,13_47.tif
0,13_48.tif
0,13_50.tif
0,13_51.tif
0,13_52.tif
0,13_54.tif
0,13_55.tif
0,13_6.tif
0,13_60.tif
0,13_61.tif
0,13_66.tif
0,13_67.tif
0,13_70.tif
0,13_72.tif
0,13_75.tif
0,13_77.tif
0,13_82.tif
0,13_83.tif
0,13_84.tif
0,13_91.tif
0,13_92.tif
0,13_93.tif
0,13_96.tif
0,13_97.tif
0,13_98.tif
0,14_10.tif
0,14_100.tif
0,14_101.tif
0,14_102.tif
0,14_104.tif
0,14_105.tif
0,14_107.tif
0,14_11.tif
0,14_110.tif
0,14_111.tif
0,14_114.tif
0,14_116.tif
0,14_117.tif
0,14_118.tif
0,14_119.tif
0,14_12.tif
0,14_120.tif
0,14_13.tif
0,14_15.tif
0,14_16.tif
0,14_17.tif
0,14_18.tif
0,14_19.tif
0,14_20.tif
0,14_23.tif
0,14_25.tif
0,14_27.tif
0,14_28.tif
0,14_29.tif
0,14_30.tif
0,14_31.tif
0,14_33.tif
0,14_34.tif
0,14_35.tif
0,14_36.tif
0,14_37.tif
0,14_4.tif
0,14_40.tif
0,14_43.tif
0,14_44.tif
0,14_45.tif
0,14_46.tif
0,14_48.tif
0,14_49.tif
0,14_5.tif
0,14_50.tif
0,14_51.tif
0,14_52.tif
0,14_54.tif
0,14_55.tif
0,14_56.tif
0,14_58.tif
0,14_59.tif
0,14_6.tif
0,14_61.tif
0,14_62.tif
0,14_63.tif
0,14_64.tif
0,14_65.tif
0,14_67.tif
0,14_68.tif
0,14_69.tif
0,14_7.tif
0,14_70.tif
0,14_73.tif
0,14_74.tif
0,14_75.tif
0,14_76.tif
0,14_77.tif
0,14_79.tif
0,14_8.tif
0,14_80.tif
0,14_81.tif
0,14_82.tif
0,14_83.tif
0,14_84.tif
0,14_85.tif
0,14_86.tif
0,14_87.tif
0,14_89.tif
0,14_93.tif
0,14_94.tif
0,14_95.tif
0,14_96.tif
0,14_97.tif
0,14_98.tif
0,14_99.tif
0,15_10.tif
0,15_100.tif
0,15_102.tif
0,15_103.tif
0,15_104.tif
0,15_105.tif
0,15_108.tif
0,15_11.tif
0,15_110.tif
0,15_111.tif
0,15_113.tif
0,15_114.tif
0,15_117.tif
0,15_119.tif
0,15_120.tif
0,15_15.tif
0,15_17.tif
0,15_2.tif
0,15_21.tif
0,15_23.tif
0,15_34.tif
0,15_35.tif
0,15_39.tif
0,15_44.tif
0,15_46.tif
0,15_47.tif
0,15_48.tif
0,15_5.tif
0,15_52.tif
0,15_53.tif
0,15_6.tif
0,15_62.tif
0,15_63.tif
0,15_65.tif
0,15_66.tif
0,15_67.tif
0,15_68.tif
0,15_69.tif
0,15_70.tif
0,15_71.tif
0,15_72.tif
0,15_74.tif
0,15_75.tif
0,15_76.tif
0,15_8.tif
0,15_80.tif
0,15_81.tif
0,15_83.tif
0,15_85.tif
0,15_87.tif
0,15_88.tif
0,15_89.tif
0,15_91.tif
0,15_92.tif
0,15_93.tif
0,15_94.tif
0,15_95.tif
0,15_99.tif
0,16_1.tif
0,16_102.tif
0,16_106.tif
0,16_108.tif
0,16_109.tif
0,16_110.tif
0,16_111.tif
0,16_112.tif
0,16_113.tif
0,16_115.tif
0,16_118.tif
0,16_119.tif
0,16_12.tif
0,16_120.tif
0,16_13.tif
0,16_14.tif
0,16_15.tif
0,16_18.tif
0,16_19.tif
0,16_26.tif
0,16_28.tif
0,16_31.tif
0,16_32.tif
0,16_35.tif
0,16_36.tif
0,16_38.tif
0,16_39.tif
0,16_4.tif
0,16_44.tif
0,16_51.tif
0,16_56.tif
0,16_57.tif
0,16_59.tif
0,16_6.tif
0,16_62.tif
0,16_63.tif
0,16_66.tif
0,16_68.tif
0,16_7.tif
0,16_70.tif
0,16_72.tif
0,16_75.tif
0,16_76.tif
0,16_86.tif
0,16_87.tif
0,16_88.tif
0,16_9.tif
0,16_91.tif
0,16_92.tif
0,16_99.tif
0,17_1.tif
0,17_10.tif
0,17_100.tif
0,17_101.tif
0,17_102.tif
0,17_103.tif
0,17_104.tif
0,17_105.tif
0,17_106.tif
0,17_107.tif
0,17_108.tif
0,17_109.tif
0,17_11.tif
0,17_110.tif
0,17_111.tif
0,17_112.tif
0,17_113.tif
0,17_114.tif
0,17_115.tif
0,17_116.tif
0,17_117.tif
0,17_118.tif
0,17_13.tif
0,17_14.tif
0,17_15.tif
0,17_17.tif
0,17_18.tif
0,17_20.tif
0,17_21.tif
0,17_22.tif
0,17_23.tif
0,17_24.tif
0,17_25.tif
0,17_26.tif
0,17_29.tif
0,17_3.tif
0,17_30.tif
0,17_32.tif
0,17_33.tif
0,17_34.tif
0,17_38.tif
0,17_39.tif
0,17_4.tif
0,17_40.tif
0,17_41.tif
0,17_42.tif
0,17_43.tif
0,17_44.tif
0,17_46.tif
0,17_48.tif
0,17_49.tif
0,17_5.tif
0,17_50.tif
0,17_51.tif
0,17_53.tif
0,17_55.tif
0,17_56.tif
0,17_59.tif
0,17_6.tif
0,17_60.tif
0,17_61.tif
0,17_62.tif
0,17_63.tif
0,17_64.tif
0,17_65.tif
0,17_66.tif
0,17_67.tif
0,17_68.tif
0,17_69.tif
0,17_70.tif
0,17_71.tif
0,17_72.tif
0,17_73.tif
0,17_74.tif
0,17_75.tif
0,17_76.tif
0,17_77.tif
0,17_79.tif
0,17_8.tif
0,17_80.tif
0,17_81.tif
0,17_82.tif
0,17_83.tif
0,17_85.tif
0,17_86.tif
0,17_87.tif
0,17_88.tif
0,17_9.tif
0,17_91.tif
0,17_92.tif
0,17_93.tif
0,17_94.tif
0,17_95.tif
0,17_97.tif
0,17_98.tif
0,17_99.tif
0,18_1.tif
0,18_10.tif
0,18_100.tif
0,18_101.tif
0,18_102.tif
0,18_103.tif
0,18_104.tif
0,18_105.tif
0,18_106.tif
0,18_107.tif
0,18_108.tif
0,18_11.tif
0,18_110.tif
0,18_111.tif
0,18_112.tif
0,18_113.tif
0,18_114.tif
0,18_115.tif
0,18_116.tif
0,18_117.tif
0,18_118.tif
0,18_119.tif
0,18_12.tif
0,18_120.tif
0,18_14.tif
0,18_15.tif
0,18_16.tif
0,18_19.tif
0,18_20.tif
0,18_22.tif
0,18_23.tif
0,18_25.tif
0,18_26.tif
0,18_27.tif
0,18_28.tif
0,18_3.tif
0,18_30.tif
0,18_31.tif
0,18_32.tif
0,18_33.tif
0,18_37.tif
0,18_38.tif
0,18_42.tif
0,18_43.tif
0,18_47.tif
0,18_49.tif
0,18_5.tif
0,18_50.tif
0,18_56.tif
0,18_57.tif
0,18_6.tif
0,18_60.tif
0,18_61.tif
0,18_62.tif
0,18_63.tif
0,18_64.tif
0,18_65.tif
0,18_66.tif
0,18_67.tif
0,18_68.tif
0,18_69.tif
0,18_70.tif
0,18_71.tif
0,18_72.tif
0,18_73.tif
0,18_74.tif
0,18_75.tif
0,18_76.tif
0,18_77.tif
0,18_78.tif
0,18_79.tif
0,18_8.tif
0,18_80.tif
0,18_81.tif
0,18_82.tif
0,18_83.tif
0,18_84.tif
0,18_85.tif
0,18_86.tif
0,18_87.tif
0,18_88.tif
0,18_89.tif
0,18_9.tif
0,18_90.tif
0,18_91.tif
0,18_92.tif
0,18_94.tif
0,18_95.tif
0,18_96.tif
0,18_97.tif
0,18_98.tif
0,18_99.tif
0,19_10.tif
0,19_100.tif
0,19_102.tif
0,19_103.tif
0,19_108.tif
0,19_109.tif
0,19_110.tif
0,19_111.tif
0,19_112.tif
0,19_113.tif
0,19_115.tif
0,19_117.tif
0,19_118.tif
0,19_13.tif
0,19_16.tif
0,19_18.tif
0,19_2.tif
0,19_20.tif
0,19_24.tif
0,19_25.tif
0,19_31.tif
0,19_33.tif
0,19_35.tif
0,19_37.tif
0,19_39.tif
0,19_42.tif
0,19_43.tif
0,19_45.tif
0,19_47.tif
0,19_49.tif
0,19_52.tif
0,19_54.tif
0,19_61.tif
0,19_62.tif
0,19_64.tif
0,19_68.tif
0,19_70.tif
0,19_71.tif
0,19_74.tif
0,19_76.tif
0,19_79.tif
0,19_8.tif
0,19_81.tif
0,19_82.tif
0,19_87.tif
0,19_88.tif
0,19_91.tif
0,19_92.tif
0,19_94.tif
0,19_98.tif
0,19_99.tif
0,1_10.tif
0,1_100.tif
0,1_102.tif
0,1_103.tif
0,1_105.tif
0,1_11.tif
0,1_110.tif
0,1_112.tif
0,1_114.tif
0,1_115.tif
0,1_116.tif
0,1_117.tif
0,1_12.tif
0,1_120.tif
0,1_13.tif
0,1_16.tif
0,1_18.tif
0,1_19.tif
0,1_21.tif
0,1_22.tif
0,1_25.tif
0,1_26.tif
0,1_28.tif
0,1_30.tif
0,1_31.tif
0,1_34.tif
0,1_35.tif
0,1_38.tif
0,1_40.tif
0,1_41.tif
0,1_46.tif
0,1_47.tif
0,1_48.tif
0,1_5.tif
0,1_55.tif
0,1_58.tif
0,1_59.tif
0,1_6.tif
0,1_60.tif
0,1_62.tif
0,1_63.tif
0,1_64.tif
0,1_65.tif
0,1_68.tif
0,1_69.tif
0,1_70.tif
0,1_71.tif
0,1_72.tif
0,1_73.tif
0,1_76.tif
0,1_77.tif
0,1_78.tif
0,1_79.tif
0,1_8.tif
0,1_81.tif
0,1_82.tif
0,1_83.tif
0,1_84.tif
0,1_86.tif
0,1_9.tif
0,1_93.tif
0,1_94.tif
0,1_95.tif
0,1_97.tif
0,1_98.tif
0,1_99.tif
0,20_102.tif
0,20_105.tif
0,20_107.tif
0,20_108.tif
0,20_109.tif
0,20_11.tif
0,20_110.tif
0,20_111.tif
0,20_112.tif
0,20_113.tif
0,20_114.tif
0,20_115.tif
0,20_116.tif
0,20_117.tif
0,20_119.tif
0,20_12.tif
0,20_120.tif
0,20_16.tif
0,20_18.tif
0,20_20.tif
0,20_24.tif
0,20_27.tif
0,20_29.tif
0,20_31.tif
0,20_32.tif
0,20_34.tif
0,20_35.tif
0,20_39.tif
0,20_40.tif
0,20_46.tif
0,20_47.tif
0,20_54.tif
0,20_56.tif
0,20_59.tif
0,20_63.tif
0,20_67.tif
0,20_68.tif
0,20_69.tif
0,20_73.tif
0,20_74.tif
0,20_75.tif
0,20_79.tif
0,20_81.tif
0,20_82.tif
0,20_83.tif
0,20_84.tif
0,20_85.tif
0,20_86.tif
0,20_88.tif
0,20_91.tif
0,20_95.tif
0,20_96.tif
0,20_97.tif
0,21_1.tif
0,21_10.tif
0,21_100.tif
0,21_101.tif
0,21_102.tif
0,21_103.tif
0,21_104.tif
0,21_105.tif
0,21_106.tif
0,21_107.tif
0,21_108.tif
0,21_11.tif
0,21_110.tif
0,21_111.tif
0,21_112.tif
0,21_113.tif
0,21_114.tif
0,21_115.tif
0,21_116.tif
0,21_117.tif
0,21_119.tif
0,21_12.tif
0,21_120.tif
0,21_13.tif
0,21_14.tif
0,21_15.tif
0,21_16.tif
0,21_17.tif
0,21_18.tif
0,21_19.tif
0,21_2.tif
0,21_20.tif
0,21_21.tif
0,21_22.tif
0,21_23.tif
0,21_24.tif
0,21_26.tif
0,21_27.tif
0,21_3.tif
0,21_30.tif
0,21_31.tif
0,21_32.tif
0,21_33.tif
0,21_34.tif
0,21_35.tif
0,21_36.tif
0,21_38.tif
0,21_39.tif
0,21_4.tif
0,21_41.tif
0,21_43.tif
0,21_44.tif
0,21_45.tif
0,21_46.tif
0,21_47.tif
0,21_48.tif
0,21_49.tif
0,21_5.tif
0,21_50.tif
0,21_51.tif
0,21_53.tif
0,21_54.tif
0,21_55.tif
0,21_57.tif
0,21_58.tif
0,21_59.tif
0,21_60.tif
0,21_61.tif
0,21_63.tif
0,21_65.tif
0,21_68.tif
0,21_70.tif
0,21_72.tif
0,21_73.tif
0,21_74.tif
0,21_75.tif
0,21_78.tif
0,21_8.tif
0,21_80.tif
0,21_83.tif
0,21_84.tif
0,21_86.tif
0,21_88.tif
0,21_89.tif
0,21_9.tif
0,21_90.tif
0,21_91.tif
0,21_93.tif
0,21_95.tif
0,21_96.tif
0,21_97.tif
0,21_99.tif
0,22_1.tif
0,22_10.tif
0,22_102.tif
0,22_103.tif
0,22_104.tif
0,22_105.tif
0,22_108.tif
0,22_109.tif
0,22_110.tif
0,22_111.tif
0,22_112.tif
0,22_113.tif
0,22_114.tif
0,22_115.tif
0,22_116.tif
0,22_117.tif
0,22_118.tif
0,22_119.tif
0,22_120.tif
0,22_13.tif
0,22_14.tif
0,22_15.tif
0,22_16.tif
0,22_17.tif
0,22_18.tif
0,22_2.tif
0,22_20.tif
0,22_21.tif
0,22_22.tif
0,22_23.tif
0,22_24.tif
0,22_25.tif
0,22_26.tif
0,22_27.tif
0,22_29.tif
0,22_3.tif
0,22_30.tif
0,22_31.tif
0,22_32.tif
0,22_33.tif
0,22_34.tif
0,22_35.tif
0,22_37.tif
0,22_38.tif
0,22_39.tif
0,22_4.tif
0,22_40.tif
0,22_41.tif
0,22_42.tif
0,22_43.tif
0,22_44.tif
0,22_45.tif
0,22_46.tif
0,22_48.tif
0,22_51.tif
0,22_52.tif
0,22_53.tif
0,22_54.tif
0,22_55.tif
0,22_56.tif
0,22_57.tif
0,22_58.tif
0,22_59.tif
0,22_6.tif
0,22_60.tif
0,22_61.tif
0,22_63.tif
0,22_64.tif
0,22_65.tif
0,22_66.tif
0,22_67.tif
0,22_68.tif
0,22_69.tif
0,22_7.tif
0,22_70.tif
0,22_71.tif
0,22_73.tif
0,22_75.tif
0,22_76.tif
0,22_77.tif
0,22_78.tif
0,22_79.tif
0,22_8.tif
0,22_80.tif
0,22_81.tif
0,22_82.tif
0,22_83.tif
0,22_84.tif
0,22_86.tif
0,22_88.tif
0,22_89.tif
0,22_9.tif
0,22_90.tif
0,22_91.tif
0,22_93.tif
0,22_94.tif
0,22_95.tif
0,22_96.tif
0,22_97.tif
0,22_98.tif
0,22_99.tif
0,23_103.tif
0,23_106.tif
0,23_109.tif
0,23_111.tif
0,23_114.tif
0,23_12.tif
0,23_16.tif
0,23_26.tif
0,23_28.tif
0,23_33.tif
0,23_40.tif
0,23_45.tif
0,23_54.tif
0,23_56.tif
0,23_59.tif
0,23_6.tif
0,23_62.tif
0,23_66.tif
0,23_68.tif
0,23_7.tif
0,23_70.tif
0,23_71.tif
0,23_76.tif
0,23_80.tif
0,23_81.tif
0,23_88.tif
0,23_96.tif
0,24_10.tif
0,24_100.tif
0,24_101.tif
0,24_106.tif
0,24_109.tif
0,24_11.tif
0,24_116.tif
0,24_117.tif
0,24_118.tif
0,24_120.tif
0,24_14.tif
0,24_15.tif
0,24_20.tif
0,24_21.tif
0,24_24.tif
0,24_25.tif
0,24_26.tif
0,24_27.tif
0,24_28.tif
0,24_3.tif
0,24_33.tif
0,24_35.tif
0,24_40.tif
0,24_41.tif
0,24_42.tif
0,24_43.tif
0,24_47.tif
0,24_48.tif
0,24_49.tif
0,24_53.tif
0,24_55.tif
0,24_57.tif
0,24_59.tif
0,24_62.tif
0,24_63.tif
0,24_66.tif
0,24_67.tif
0,24_68.tif
0,24_7.tif
0,24_71.tif
0,24_78.tif
0,24_80.tif
0,24_82.tif
0,24_83.tif
0,24_85.tif
0,24_87.tif
0,24_88.tif
0,24_89.tif
0,24_9.tif
0,24_90.tif
0,24_97.tif
0,25_1.tif
0,25_100.tif
0,25_101.tif
0,25_102.tif
0,25_103.tif
0,25_104.tif
0,25_105.tif
0,25_106.tif
0,25_108.tif
0,25_109.tif
0,25_110.tif
0,25_111.tif
0,25_112.tif
0,25_113.tif
0,25_114.tif
0,25_115.tif
0,25_116.tif
0,25_118.tif
0,25_119.tif
0,25_12.tif
0,25_15.tif
0,25_19.tif
0,25_2.tif
0,25_21.tif
0,25_23.tif
0,25_24.tif
0,25_26.tif
0,25_28.tif
0,25_29.tif
0,25_3.tif
0,25_30.tif
0,25_31.tif
0,25_33.tif
0,25_34.tif
0,25_37.tif
0,25_38.tif
0,25_39.tif
0,25_4.tif
0,25_40.tif
0,25_41.tif
0,25_42.tif
0,25_45.tif
0,25_46.tif
0,25_47.tif
0,25_49.tif
0,25_5.tif
0,25_50.tif
0,25_51.tif
0,25_52.tif
0,25_56.tif
0,25_57.tif
0,25_59.tif
0,25_60.tif
0,25_62.tif
0,25_63.tif
0,25_64.tif
0,25_65.tif
0,25_66.tif
0,25_68.tif
0,25_69.tif
0,25_7.tif
0,25_70.tif
0,25_71.tif
0,25_72.tif
0,25_74.tif
0,25_76.tif
0,25_77.tif
0,25_80.tif
0,25_81.tif
0,25_82.tif
0,25_85.tif
0,25_86.tif
0,25_87.tif
0,25_88.tif
0,25_9.tif
0,25_90.tif
0,25_91.tif
0,25_92.tif
0,25_93.tif
0,25_94.tif
0,25_95.tif
0,25_98.tif
0,25_99.tif
0,26_10.tif
0,26_100.tif
0,26_101.tif
0,26_103.tif
0,26_106.tif
0,26_107.tif
0,26_11.tif
0,26_113.tif
0,26_114.tif
0,26_116.tif
0,26_117.tif
0,26_118.tif
0,26_119.tif
0,26_12.tif
0,26_120.tif
0,26_13.tif
0,26_14.tif
0,26_15.tif
0,26_22.tif
0,26_25.tif
0,26_27.tif
0,26_3.tif
0,26_31.tif
0,26_32.tif
0,26_33.tif
0,26_34.tif
0,26_35.tif
0,26_36.tif
0,26_39.tif
0,26_4.tif
0,26_41.tif
0,26_42.tif
0,26_43.tif
0,26_44.tif
0,26_50.tif
0,26_51.tif
0,26_53.tif
0,26_57.tif
0,26_59.tif
0,26_6.tif
0,26_60.tif
0,26_61.tif
0,26_62.tif
0,26_63.tif
0,26_64.tif
0,26_67.tif
0,26_7.tif
0,26_70.tif
0,26_71.tif
0,26_75.tif
0,26_76.tif
0,26_77.tif
0,26_78.tif
0,26_79.tif
0,26_80.tif
0,26_82.tif
0,26_83.tif
0,26_85.tif
0,26_87.tif
0,26_88.tif
0,26_9.tif
0,26_90.tif
0,26_92.tif
0,26_94.tif
0,26_97.tif
0,27_1.tif
0,27_10.tif
0,27_100.tif
0,27_101.tif
0,27_102.tif
0,27_103.tif
0,27_104.tif
0,27_105.tif
0,27_106.tif
0,27_107.tif
0,27_108.tif
0,27_109.tif
0,27_11.tif
0,27_110.tif
0,27_111.tif
0,27_113.tif
0,27_114.tif
0,27_115.tif
0,27_116.tif
0,27_117.tif
0,27_118.tif
0,27_119.tif
0,27_12.tif
0,27_120.tif
0,27_13.tif
0,27_14.tif
0,27_15.tif
0,27_16.tif
0,27_17.tif
0,27_18.tif
0,27_19.tif
0,27_2.tif
0,27_20.tif
0,27_22.tif
0,27_23.tif
0,27_24.tif
0,27_25.tif
0,27_28.tif
0,27_29.tif
0,27_3.tif
0,27_30.tif
0,27_31.tif
0,27_32.tif
0,27_33.tif
0,27_34.tif
0,27_35.tif
0,27_36.tif
0,27_38.tif
0,27_39.tif
0,27_4.tif
0,27_40.tif
0,27_41.tif
0,27_42.tif
0,27_43.tif
0,27_45.tif
0,27_46.tif
0,27_47.tif
0,27_48.tif
0,27_49.tif
0,27_5.tif
0,27_50.tif
0,27_51.tif
0,27_52.tif
0,27_53.tif
0,27_55.tif
0,27_56.tif
0,27_57.tif
0,27_58.tif
0,27_59.tif
0,27_6.tif
0,27_60.tif
0,27_61.tif
0,27_62.tif
0,27_63.tif
0,27_64.tif
0,27_65.tif
0,27_66.tif
0,27_67.tif
0,27_68.tif
0,27_69.tif
0,27_7.tif
0,27_70.tif
0,27_71.tif
0,27_72.tif
0,27_73.tif
0,27_74.tif
0,27_75.tif
0,27_76.tif
0,27_77.tif
0,27_78.tif
0,27_79.tif
0,27_8.tif
0,27_80.tif
0,27_81.tif
0,27_82.tif
0,27_83.tif
0,27_84.tif
0,27_85.tif
0,27_86.tif
0,27_87.tif
0,27_88.tif
0,27_89.tif
0,27_9.tif
0,27_90.tif
0,27_91.tif
0,27_93.tif
0,27_94.tif
0,27_95.tif
0,27_96.tif
0,27_97.tif
0,27_98.tif
0,28_10.tif
0,28_100.tif
0,28_101.tif
0,28_102.tif
0,28_103.tif
0,28_104.tif
0,28_106.tif
0,28_107.tif
0,28_11.tif
0,28_110.tif
0,28_112.tif
0,28_116.tif
0,28_117.tif
0,28_118.tif
0,28_12.tif
0,28_120.tif
0,28_13.tif
0,28_14.tif
0,28_2.tif
0,28_20.tif
0,28_21.tif
0,28_24.tif
0,28_25.tif
0,28_26.tif
0,28_28.tif
0,28_29.tif
0,28_3.tif
0,28_32.tif
0,28_34.tif
0,28_38.tif
0,28_39.tif
0,28_4.tif
0,28_40.tif
0,28_41.tif
0,28_44.tif
0,28_46.tif
0,28_47.tif
0,28_48.tif
0,28_49.tif
0,28_5.tif
0,28_52.tif
0,28_53.tif
0,28_55.tif
0,28_58.tif
0,28_59.tif
0,28_6.tif
0,28_61.tif
0,28_65.tif
0,28_66.tif
0,28_68.tif
0,28_7.tif
0,28_70.tif
0,28_71.tif
0,28_73.tif
0,28_74.tif
0,28_76.tif
0,28_77.tif
0,28_78.tif
0,28_8.tif
0,28_80.tif
0,28_81.tif
0,28_85.tif
0,28_86.tif
0,28_87.tif
0,28_88.tif
0,28_9.tif
0,28_90.tif
0,28_92.tif
0,28_93.tif
0,28_94.tif
0,28_95.tif
0,28_99.tif
0,29_10.tif
0,29_100.tif
0,29_103.tif
0,29_104.tif
0,29_105.tif
0,29_108.tif
0,29_11.tif
0,29_111.tif
0,29_113.tif
0,29_114.tif
0,29_115.tif
0,29_116.tif
0,29_118.tif
0,29_119.tif
0,29_120.tif
0,29_24.tif
0,29_26.tif
0,29_28.tif
0,29_30.tif
0,29_31.tif
0,29_36.tif
0,29_38.tif
0,29_39.tif
0,29_41.tif
0,29_43.tif
0,29_44.tif
0,29_45.tif
0,29_47.tif
0,29_48.tif
0,29_5.tif
0,29_50.tif
0,29_53.tif
0,29_54.tif
0,29_55.tif
0,29_56.tif
0,29_6.tif
0,29_65.tif
0,29_66.tif
0,29_67.tif
0,29_68.tif
0,29_69.tif
0,29_70.tif
0,29_74.tif
0,29_75.tif
0,29_76.tif
0,29_79.tif
0,29_81.tif
0,29_83.tif
0,29_86.tif
0,29_87.tif
0,29_89.tif
0,29_9.tif
0,29_91.tif
0,29_93.tif
0,29_94.tif
0,29_96.tif
0,29_97.tif
0,29_98.tif
0,29_99.tif
0,2_1.tif
0,2_10.tif
0,2_100.tif
0,2_101.tif
0,2_102.tif
0,2_103.tif
0,2_104.tif
0,2_105.tif
0,2_106.tif
0,2_107.tif
0,2_108.tif
0,2_109.tif
0,2_11.tif
0,2_110.tif
0,2_111.tif
0,2_112.tif
0,2_113.tif
0,2_114.tif
0,2_115.tif
0,2_116.tif
0,2_117.tif
0,2_118.tif
0,2_119.tif
0,2_120.tif
0,2_13.tif
0,2_14.tif
0,2_15.tif
0,2_16.tif
0,2_17.tif
0,2_18.tif
0,2_19.tif
0,2_2.tif
0,2_20.tif
0,2_21.tif
0,2_22.tif
0,2_24.tif
0,2_25.tif
0,2_26.tif
0,2_27.tif
0,2_28.tif
0,2_29.tif
0,2_3.tif
0,2_30.tif
0,2_31.tif
0,2_32.tif
0,2_33.tif
0,2_34.tif
0,2_35.tif
0,2_36.tif
0,2_37.tif
0,2_38.tif
0,2_39.tif
0,2_4.tif
0,2_40.tif
0,2_41.tif
0,2_42.tif
0,2_43.tif
0,2_44.tif
0,2_45.tif
0,2_46.tif
0,2_47.tif
0,2_48.tif
0,2_49.tif
0,2_5.tif
0,2_50.tif
0,2_51.tif
0,2_52.tif
0,2_53.tif
0,2_55.tif
0,2_56.tif
0,2_57.tif
0,2_6.tif
0,2_60.tif
0,2_61.tif
0,2_63.tif
0,2_64.tif
0,2_65.tif
0,2_66.tif
0,2_67.tif
0,2_68.tif
0,2_69.tif
0,2_7.tif
0,2_70.tif
0,2_71.tif
0,2_72.tif
0,2_73.tif
0,2_74.tif
0,2_75.tif
0,2_76.tif
0,2_78.tif
0,2_79.tif
0,2_80.tif
0,2_82.tif
0,2_83.tif
0,2_85.tif
0,2_86.tif
0,2_87.tif
0,2_88.tif
0,2_89.tif
0,2_9.tif
0,2_90.tif
0,2_91.tif
0,2_92.tif
0,2_93.tif
0,2_95.tif
0,2_96.tif
0,2_97.tif
0,2_98.tif
0,2_99.tif
0,30_10.tif
0,30_102.tif
0,30_104.tif
0,30_105.tif
0,30_106.tif
0,30_107.tif
0,30_109.tif
0,30_11.tif
0,30_110.tif
0,30_111.tif
0,30_112.tif
0,30_113.tif
0,30_114.tif
0,30_116.tif
0,30_117.tif
0,30_118.tif
0,30_119.tif
0,30_120.tif
0,30_13.tif
0,30_14.tif
0,30_15.tif
0,30_16.tif
0,30_17.tif
0,30_18.tif
0,30_19.tif
0,30_20.tif
0,30_22.tif
0,30_23.tif
0,30_24.tif
0,30_29.tif
0,30_32.tif
0,30_33.tif
0,30_34.tif
0,30_35.tif
0,30_37.tif
0,30_40.tif
0,30_41.tif
0,30_42.tif
0,30_43.tif
0,30_44.tif
0,30_45.tif
0,30_46.tif
0,30_47.tif
0,30_48.tif
0,30_49.tif
0,30_50.tif
0,30_51.tif
0,30_52.tif
0,30_53.tif
0,30_54.tif
0,30_57.tif
0,30_58.tif
0,30_6.tif
0,30_61.tif
0,30_62.tif
0,30_63.tif
0,30_64.tif
0,30_65.tif
0,30_67.tif
0,30_68.tif
0,30_69.tif
0,30_7.tif
0,30_70.tif
0,30_71.tif
0,30_72.tif
0,30_73.tif
0,30_76.tif
0,30_77.tif
0,30_78.tif
0,30_8.tif
0,30_80.tif
0,30_81.tif
0,30_84.tif
0,30_85.tif
0,30_86.tif
0,30_88.tif
0,30_89.tif
0,30_9.tif
0,30_90.tif
0,30_91.tif
0,30_92.tif
0,30_93.tif
0,30_94.tif
0,30_95.tif
0,30_97.tif
0,30_99.tif
0,31_100.tif
0,31_102.tif
0,31_103.tif
0,31_104.tif
0,31_105.tif
0,31_106.tif
0,31_107.tif
0,31_109.tif
0,31_11.tif
0,31_111.tif
0,31_114.tif
0,31_116.tif
0,31_117.tif
0,31_119.tif
0,31_12.tif
0,31_120.tif
0,31_14.tif
0,31_18.tif
0,31_19.tif
0,31_2.tif
0,31_20.tif
0,31_21.tif
0,31_23.tif
0,31_27.tif
0,31_28.tif
0,31_3.tif
0,31_31.tif
0,31_32.tif
0,31_33.tif
0,31_35.tif
0,31_39.tif
0,31_40.tif
0,31_42.tif
0,31_43.tif
0,31_44.tif
0,31_45.tif
0,31_46.tif
0,31_47.tif
0,31_48.tif
0,31_49.tif
0,31_5.tif
0,31_51.tif
0,31_54.tif
0,31_55.tif
0,31_56.tif
0,31_57.tif
0,31_6.tif
0,31_60.tif
0,31_61.tif
0,31_62.tif
0,31_63.tif
0,31_66.tif
0,31_67.tif
0,31_68.tif
0,31_69.tif
0,31_7.tif
0,31_72.tif
0,31_73.tif
0,31_74.tif
0,31_75.tif
0,31_77.tif
0,31_78.tif
0,31_79.tif
0,31_8.tif
0,31_81.tif
0,31_82.tif
0,31_83.tif
0,31_84.tif
0,31_86.tif
0,31_87.tif
0,31_88.tif
0,31_89.tif
0,31_9.tif
0,31_92.tif
0,31_93.tif
0,31_94.tif
0,31_95.tif
0,31_97.tif
0,31_98.tif
0,31_99.tif
0,32_100.tif
0,32_101.tif
0,32_111.tif
0,32_13.tif
0,32_23.tif
0,32_28.tif
0,32_29.tif
0,32_4.tif
0,32_43.tif
0,32_45.tif
0,32_5.tif
0,32_54.tif
0,32_63.tif
0,32_67.tif
0,32_68.tif
0,32_69.tif
0,32_70.tif
0,32_72.tif
0,32_81.tif
0,32_83.tif
0,32_85.tif
0,32_89.tif
0,32_9.tif
0,33_1.tif
0,33_10.tif
0,33_100.tif
0,33_101.tif
0,33_102.tif
0,33_103.tif
0,33_104.tif
0,33_105.tif
0,33_106.tif
0,33_107.tif
0,33_108.tif
0,33_109.tif
0,33_110.tif
0,33_111.tif
0,33_112.tif
0,33_113.tif
0,33_114.tif
0,33_115.tif
0,33_116.tif
0,33_117.tif
0,33_118.tif
0,33_119.tif
0,33_120.tif
0,33_13.tif
0,33_14.tif
0,33_17.tif
0,33_18.tif
0,33_19.tif
0,33_2.tif
0,33_20.tif
0,33_21.tif
0,33_22.tif
0,33_23.tif
0,33_25.tif
0,33_26.tif
0,33_28.tif
0,33_30.tif
0,33_31.tif
0,33_32.tif
0,33_33.tif
0,33_34.tif
0,33_35.tif
0,33_36.tif
0,33_37.tif
0,33_38.tif
0,33_39.tif
0,33_4.tif
0,33_41.tif
0,33_44.tif
0,33_46.tif
0,33_47.tif
0,33_49.tif
0,33_51.tif
0,33_53.tif
0,33_54.tif
0,33_55.tif
0,33_56.tif
0,33_57.tif
0,33_58.tif
0,33_60.tif
0,33_61.tif
0,33_63.tif
0,33_65.tif
0,33_66.tif
0,33_67.tif
0,33_68.tif
0,33_69.tif
0,33_7.tif
0,33_71.tif
0,33_72.tif
0,33_73.tif
0,33_74.tif
0,33_75.tif
0,33_76.tif
0,33_77.tif
0,33_78.tif
0,33_79.tif
0,33_8.tif
0,33_80.tif
0,33_81.tif
0,33_82.tif
0,33_83.tif
0,33_84.tif
0,33_85.tif
0,33_86.tif
0,33_87.tif
0,33_88.tif
0,33_89.tif
0,33_9.tif
0,33_90.tif
0,33_91.tif
0,33_92.tif
0,33_93.tif
0,33_94.tif
0,33_95.tif
0,33_96.tif
0,33_97.tif
0,33_98.tif
0,33_99.tif
0,34_101.tif
0,34_104.tif
0,34_105.tif
0,34_108.tif
0,34_109.tif
0,34_110.tif
0,34_111.tif
0,34_112.tif
0,34_113.tif
0,34_116.tif
0,34_117.tif
0,34_118.tif
0,34_119.tif
0,34_15.tif
0,34_18.tif
0,34_24.tif
0,34_25.tif
0,34_26.tif
0,34_29.tif
0,34_3.tif
0,34_30.tif
0,34_38.tif
0,34_4.tif
0,34_42.tif
0,34_43.tif
0,34_48.tif
0,34_50.tif
0,34_56.tif
0,34_61.tif
0,34_68.tif
0,34_69.tif
0,34_70.tif
0,34_73.tif
0,34_74.tif
0,34_76.tif
0,34_77.tif
0,34_78.tif
0,34_81.tif
0,34_88.tif
0,34_9.tif
0,34_90.tif
0,34_95.tif
0,34_96.tif
0,34_98.tif
0,34_99.tif
0,35_10.tif
0,35_101.tif
0,35_102.tif
0,35_108.tif
0,35_110.tif
0,35_111.tif
0,35_116.tif
0,35_119.tif
0,35_14.tif
0,35_17.tif
0,35_19.tif
0,35_22.tif
0,35_24.tif
0,35_25.tif
0,35_26.tif
0,35_27.tif
0,35_29.tif
0,35_30.tif
0,35_31.tif
0,35_35.tif
0,35_4.tif
0,35_41.tif
0,35_42.tif
0,35_44.tif
0,35_45.tif
0,35_48.tif
0,35_52.tif
0,35_54.tif
0,35_55.tif
0,35_56.tif
0,35_57.tif
0,35_59.tif
0,35_6.tif
0,35_60.tif
0,35_61.tif
0,35_62.tif
0,35_65.tif
0,35_66.tif
0,35_67.tif
0,35_7.tif
0,35_70.tif
0,35_72.tif
0,35_73.tif
0,35_75.tif
0,35_76.tif
0,35_77.tif
0,35_78.tif
0,35_8.tif
0,35_81.tif
0,35_84.tif
0,35_90.tif
0,35_91.tif
0,35_92.tif
0,35_93.tif
0,35_94.tif
0,35_95.tif
0,35_96.tif
0,35_97.tif
0,35_98.tif
0,35_99.tif
0,36_1.tif
0,36_102.tif
0,36_103.tif
0,36_106.tif
0,36_107.tif
0,36_109.tif
0,36_110.tif
0,36_114.tif
0,36_115.tif
0,36_119.tif
0,36_12.tif
0,36_14.tif
0,36_15.tif
0,36_17.tif
0,36_18.tif
0,36_19.tif
0,36_20.tif
0,36_23.tif
0,36_25.tif
0,36_26.tif
0,36_27.tif
0,36_28.tif
0,36_31.tif
0,36_33.tif
0,36_35.tif
0,36_37.tif
0,36_39.tif
0,36_40.tif
0,36_42.tif
0,36_43.tif
0,36_46.tif
0,36_47.tif
0,36_48.tif
0,36_49.tif
0,36_6.tif
0,36_61.tif
0,36_62.tif
0,36_63.tif
0,36_65.tif
0,36_67.tif
0,36_7.tif
0,36_73.tif
0,36_74.tif
0,36_75.tif
0,36_76.tif
0,36_77.tif
0,36_78.tif
0,36_8.tif
0,36_81.tif
0,36_83.tif
0,36_84.tif
0,36_88.tif
0,36_9.tif
0,36_90.tif
0,36_91.tif
0,36_92.tif
0,36_94.tif
0,36_96.tif
0,36_97.tif
0,37_100.tif
0,37_106.tif
0,37_110.tif
0,37_18.tif
0,37_20.tif
0,37_48.tif
0,37_67.tif
0,37_70.tif
0,37_72.tif
0,37_80.tif
0,37_87.tif
0,37_94.tif
0,37_97.tif
0,38_1.tif
0,38_10.tif
0,38_101.tif
0,38_104.tif
0,38_106.tif
0,38_108.tif
0,38_112.tif
0,38_115.tif
0,38_116.tif
0,38_117.tif
0,38_118.tif
0,38_12.tif
0,38_120.tif
0,38_14.tif
0,38_15.tif
0,38_17.tif
0,38_20.tif
0,38_24.tif
0,38_26.tif
0,38_27.tif
0,38_30.tif
0,38_31.tif
0,38_33.tif
0,38_34.tif
0,38_36.tif
0,38_37.tif
0,38_4.tif
0,38_40.tif
0,38_45.tif
0,38_48.tif
0,38_49.tif
0,38_53.tif
0,38_58.tif
0,38_61.tif
0,38_63.tif
0,38_64.tif
0,38_65.tif
0,38_66.tif
0,38_67.tif
0,38_68.tif
0,38_70.tif
0,38_73.tif
0,38_74.tif
0,38_75.tif
0,38_78.tif
0,38_79.tif
0,38_81.tif
0,38_82.tif
0,38_83.tif
0,38_84.tif
0,38_85.tif
0,38_86.tif
0,38_88.tif
0,38_89.tif
0,38_94.tif
0,38_95.tif
0,38_97.tif
0,38_98.tif
0,38_99.tif
0,39_1.tif
0,39_10.tif
0,39_100.tif
0,39_101.tif
0,39_102.tif
0,39_103.tif
0,39_104.tif
0,39_105.tif
0,39_106.tif
0,39_107.tif
0,39_109.tif
0,39_11.tif
0,39_110.tif
0,39_111.tif
0,39_112.tif
0,39_113.tif
0,39_114.tif
0,39_115.tif
0,39_116.tif
0,39_117.tif
0,39_118.tif
0,39_119.tif
0,39_12.tif
0,39_120.tif
0,39_13.tif
0,39_14.tif
0,39_15.tif
0,39_16.tif
0,39_17.tif
0,39_18.tif
0,39_19.tif
0,39_2.tif
0,39_20.tif
0,39_21.tif
0,39_22.tif
0,39_23.tif
0,39_24.tif
0,39_25.tif
0,39_26.tif
0,39_27.tif
0,39_28.tif
0,39_29.tif
0,39_3.tif
0,39_30.tif
0,39_31.tif
0,39_32.tif
0,39_33.tif
0,39_34.tif
0,39_35.tif
0,39_36.tif
0,39_37.tif
0,39_38.tif
0,39_39.tif
0,39_4.tif
0,39_40.tif
0,39_41.tif
0,39_42.tif
0,39_43.tif
0,39_44.tif
0,39_45.tif
0,39_46.tif
0,39_47.tif
0,39_48.tif
0,39_49.tif
0,39_5.tif
0,39_50.tif
0,39_51.tif
0,39_52.tif
0,39_53.tif
0,39_54.tif
0,39_55.tif
0,39_56.tif
0,39_57.tif
0,39_58.tif
0,39_59.tif
0,39_6.tif
0,39_60.tif
0,39_61.tif
0,39_62.tif
0,39_63.tif
0,39_64.tif
0,39_65.tif
0,39_66.tif
0,39_67.tif
0,39_68.tif
0,39_69.tif
0,39_7.tif
0,39_70.tif
0,39_71.tif
0,39_72.tif
0,39_73.tif
0,39_75.tif
0,39_76.tif
0,39_77.tif
0,39_78.tif
0,39_79.tif
0,39_8.tif
0,39_80.tif
0,39_81.tif
0,39_82.tif
0,39_83.tif
0,39_84.tif
0,39_85.tif
0,39_86.tif
0,39_87.tif
0,39_88.tif
0,39_89.tif
0,39_9.tif
0,39_90.tif
0,39_91.tif
0,39_92.tif
0,39_93.tif
0,39_94.tif
0,39_95.tif
0,39_96.tif
0,39_97.tif
0,39_98.tif
0,39_99.tif
0,3_10.tif
0,3_100.tif
0,3_101.tif
0,3_102.tif
0,3_104.tif
0,3_107.tif
0,3_108.tif
0,3_11.tif
0,3_110.tif
0,3_112.tif
0,3_116.tif
0,3_118.tif
0,3_119.tif
0,3_16.tif
0,3_19.tif
0,3_2.tif
0,3_21.tif
0,3_23.tif
0,3_26.tif
0,3_27.tif
0,3_28.tif
0,3_3.tif
0,3_31.tif
0,3_32.tif
0,3_33.tif
0,3_34.tif
0,3_36.tif
0,3_37.tif
0,3_39.tif
0,3_40.tif
0,3_42.tif
0,3_43.tif
0,3_44.tif
0,3_45.tif
0,3_48.tif
0,3_50.tif
0,3_51.tif
0,3_52.tif
0,3_53.tif
0,3_54.tif
0,3_55.tif
0,3_59.tif
0,3_60.tif
0,3_61.tif
0,3_62.tif
0,3_65.tif
0,3_67.tif
0,3_68.tif
0,3_7.tif
0,3_71.tif
0,3_72.tif
0,3_74.tif
0,3_75.tif
0,3_79.tif
0,3_80.tif
0,3_82.tif
0,3_83.tif
0,3_85.tif
0,3_86.tif
0,3_87.tif
0,3_88.tif
0,3_89.tif
0,3_90.tif
0,3_91.tif
0,3_92.tif
0,3_94.tif
0,3_98.tif
0,3_99.tif
0,40_1.tif
0,40_10.tif
0,40_100.tif
0,40_101.tif
0,40_102.tif
0,40_103.tif
0,40_104.tif
0,40_105.tif
0,40_106.tif
0,40_107.tif
0,40_108.tif
0,40_109.tif
0,40_11.tif
0,40_110.tif
0,40_111.tif
0,40_112.tif
0,40_113.tif
0,40_114.tif
0,40_115.tif
0,40_116.tif
0,40_117.tif
0,40_118.tif
0,40_119.tif
0,40_12.tif
0,40_120.tif
0,40_13.tif
0,40_14.tif
0,40_15.tif
0,40_16.tif
0,40_17.tif
0,40_18.tif
0,40_19.tif
0,40_2.tif
0,40_21.tif
0,40_22.tif
0,40_23.tif
0,40_24.tif
0,40_25.tif
0,40_26.tif
0,40_27.tif
0,40_28.tif
0,40_29.tif
0,40_3.tif
0,40_30.tif
0,40_32.tif
0,40_33.tif
0,40_34.tif
0,40_35.tif
0,40_36.tif
0,40_37.tif
0,40_38.tif
0,40_39.tif
0,40_4.tif
0,40_40.tif
0,40_41.tif
0,40_42.tif
0,40_43.tif
0,40_44.tif
0,40_46.tif
0,40_48.tif
0,40_49.tif
0,40_5.tif
0,40_50.tif
0,40_51.tif
0,40_52.tif
0,40_53.tif
0,40_54.tif
0,40_55.tif
0,40_56.tif
0,40_57.tif
0,40_59.tif
0,40_6.tif
0,40_60.tif
0,40_61.tif
0,40_62.tif
0,40_63.tif
0,40_64.tif
0,40_65.tif
0,40_66.tif
0,40_67.tif
0,40_68.tif
0,40_69.tif
0,40_7.tif
0,40_70.tif
0,40_71.tif
0,40_72.tif
0,40_73.tif
0,40_74.tif
0,40_75.tif
0,40_76.tif
0,40_77.tif
0,40_78.tif
0,40_79.tif
0,40_8.tif
0,40_80.tif
0,40_81.tif
0,40_82.tif
0,40_83.tif
0,40_84.tif
0,40_85.tif
0,40_86.tif
0,40_87.tif
0,40_88.tif
0,40_89.tif
0,40_9.tif
0,40_90.tif
0,40_91.tif
0,40_92.tif
0,40_94.tif
0,40_95.tif
0,40_96.tif
0,40_97.tif
0,40_98.tif
0,40_99.tif
0,41_104.tif
0,41_11.tif
0,41_112.tif
0,41_20.tif
0,41_29.tif
0,41_47.tif
0,41_57.tif
0,41_60.tif
0,41_69.tif
0,41_70.tif
0,41_74.tif
0,41_76.tif
0,41_77.tif
0,41_87.tif
0,41_92.tif
0,42_102.tif
0,42_103.tif
0,42_105.tif
0,42_111.tif
0,42_115.tif
0,42_2.tif
0,42_30.tif
0,42_33.tif
0,42_43.tif
0,42_48.tif
0,42_50.tif
0,42_53.tif
0,42_56.tif
0,42_58.tif
0,42_63.tif
0,42_72.tif
0,42_73.tif
0,42_87.tif
0,42_88.tif
0,42_92.tif
0,42_95.tif
0,42_98.tif
0,43_1.tif
0,43_10.tif
0,43_100.tif
0,43_101.tif
0,43_102.tif
0,43_103.tif
0,43_108.tif
0,43_110.tif
0,43_111.tif
0,43_112.tif
0,43_113.tif
0,43_114.tif
0,43_115.tif
0,43_116.tif
0,43_117.tif
0,43_118.tif
0,43_119.tif
0,43_120.tif
0,43_13.tif
0,43_14.tif
0,43_16.tif
0,43_17.tif
0,43_19.tif
0,43_2.tif
0,43_20.tif
0,43_21.tif
0,43_22.tif
0,43_25.tif
0,43_26.tif
0,43_29.tif
0,43_33.tif
0,43_35.tif
0,43_37.tif
0,43_41.tif
0,43_42.tif
0,43_44.tif
0,43_45.tif
0,43_46.tif
0,43_48.tif
0,43_5.tif
0,43_51.tif
0,43_52.tif
0,43_57.tif
0,43_6.tif
0,43_60.tif
0,43_62.tif
0,43_63.tif
0,43_65.tif
0,43_66.tif
0,43_68.tif
0,43_69.tif
0,43_70.tif
0,43_71.tif
0,43_72.tif
0,43_73.tif
0,43_74.tif
0,43_75.tif
0,43_78.tif
0,43_79.tif
0,43_81.tif
0,43_82.tif
0,43_84.tif
0,43_85.tif
0,43_86.tif
0,43_88.tif
0,43_89.tif
0,43_91.tif
0,43_92.tif
0,43_94.tif
0,43_95.tif
0,43_96.tif
0,43_97.tif
0,43_99.tif
0,44_1.tif
0,44_101.tif
0,44_105.tif
0,44_106.tif
0,44_107.tif
0,44_109.tif
0,44_115.tif
0,44_117.tif
0,44_119.tif
0,44_13.tif
0,44_19.tif
0,44_23.tif
0,44_26.tif
0,44_29.tif
0,44_31.tif
0,44_37.tif
0,44_45.tif
0,44_48.tif
0,44_51.tif
0,44_54.tif
0,44_59.tif
0,44_61.tif
0,44_64.tif
0,44_68.tif
0,44_7.tif
0,44_72.tif
0,44_73.tif
0,44_75.tif
0,44_79.tif
0,44_8.tif
0,44_80.tif
0,44_81.tif
0,44_82.tif
0,44_84.tif
0,44_88.tif
0,44_91.tif
0,44_92.tif
0,44_93.tif
0,44_94.tif
0,44_96.tif
0,44_99.tif
0,45_1.tif
0,45_10.tif
0,45_100.tif
0,45_101.tif
0,45_102.tif
0,45_103.tif
0,45_104.tif
0,45_106.tif
0,45_107.tif
0,45_108.tif
0,45_109.tif
0,45_11.tif
0,45_110.tif
0,45_111.tif
0,45_112.tif
0,45_113.tif
0,45_115.tif
0,45_116.tif
0,45_117.tif
0,45_119.tif
0,45_12.tif
0,45_120.tif
0,45_13.tif
0,45_14.tif
0,45_15.tif
0,45_16.tif
0,45_17.tif
0,45_18.tif
0,45_2.tif
0,45_20.tif
0,45_21.tif
0,45_23.tif
0,45_25.tif
0,45_26.tif
0,45_27.tif
0,45_28.tif
0,45_29.tif
0,45_3.tif
0,45_30.tif
0,45_31.tif
0,45_32.tif
0,45_33.tif
0,45_36.tif
0,45_37.tif
0,45_38.tif
0,45_4.tif
0,45_40.tif
0,45_41.tif
0,45_42.tif
0,45_43.tif
0,45_44.tif
0,45_46.tif
0,45_47.tif
0,45_48.tif
0,45_49.tif
0,45_51.tif
0,45_53.tif
0,45_56.tif
0,45_57.tif
0,45_58.tif
0,45_59.tif
0,45_6.tif
0,45_60.tif
0,45_61.tif
0,45_62.tif
0,45_63.tif
0,45_64.tif
0,45_65.tif
0,45_66.tif
0,45_67.tif
0,45_68.tif
0,45_69.tif
0,45_70.tif
0,45_71.tif
0,45_72.tif
0,45_73.tif
0,45_74.tif
0,45_75.tif
0,45_77.tif
0,45_78.tif
0,45_79.tif
0,45_8.tif
0,45_80.tif
0,45_81.tif
0,45_82.tif
0,45_83.tif
0,45_84.tif
0,45_85.tif
0,45_87.tif
0,45_88.tif
0,45_89.tif
0,45_9.tif
0,45_90.tif
0,45_91.tif
0,45_92.tif
0,45_93.tif
0,45_94.tif
0,45_95.tif
0,45_96.tif
0,45_97.tif
0,45_98.tif
0,45_99.tif
0,46_1.tif
0,46_100.tif
0,46_101.tif
0,46_102.tif
0,46_103.tif
0,46_104.tif
0,46_105.tif
0,46_106.tif
0,46_107.tif
0,46_108.tif
0,46_109.tif
0,46_11.tif
0,46_110.tif
0,46_111.tif
0,46_112.tif
0,46_113.tif
0,46_114.tif
0,46_116.tif
0,46_117.tif
0,46_118.tif
0,46_119.tif
0,46_12.tif
0,46_120.tif
0,46_13.tif
0,46_14.tif
0,46_15.tif
0,46_17.tif
0,46_19.tif
0,46_2.tif
0,46_20.tif
0,46_21.tif
0,46_22.tif
0,46_23.tif
0,46_25.tif
0,46_26.tif
0,46_28.tif
0,46_29.tif
0,46_30.tif
0,46_32.tif
0,46_33.tif
0,46_35.tif
0,46_36.tif
0,46_37.tif
0,46_39.tif
0,46_4.tif
0,46_41.tif
0,46_42.tif
0,46_44.tif
0,46_46.tif
0,46_47.tif
0,46_48.tif
0,46_49.tif
0,46_5.tif
0,46_50.tif
0,46_52.tif
0,46_53.tif
0,46_54.tif
0,46_55.tif
0,46_57.tif
0,46_58.tif
0,46_59.tif
0,46_60.tif
0,46_61.tif
0,46_62.tif
0,46_63.tif
0,46_64.tif
0,46_65.tif
0,46_66.tif
0,46_67.tif
0,46_68.tif
0,46_69.tif
0,46_7.tif
0,46_70.tif
0,46_71.tif
0,46_72.tif
0,46_73.tif
0,46_74.tif
0,46_75.tif
0,46_76.tif
0,46_77.tif
0,46_78.tif
0,46_79.tif
0,46_8.tif
0,46_80.tif
0,46_81.tif
0,46_82.tif
0,46_83.tif
0,46_84.tif
0,46_85.tif
0,46_86.tif
0,46_88.tif
0,46_89.tif
0,46_9.tif
0,46_90.tif
0,46_91.tif
0,46_93.tif
0,46_94.tif
0,46_95.tif
0,46_96.tif
0,46_97.tif
0,46_98.tif
0,46_99.tif
0,47_1.tif
0,47_100.tif
0,47_101.tif
0,47_102.tif
0,47_103.tif
0,47_104.tif
0,47_105.tif
0,47_106.tif
0,47_107.tif
0,47_109.tif
0,47_11.tif
0,47_110.tif
0,47_111.tif
0,47_112.tif
0,47_113.tif
0,47_114.tif
0,47_115.tif
0,47_116.tif
0,47_118.tif
0,47_119.tif
0,47_120.tif
0,47_14.tif
0,47_15.tif
0,47_16.tif
0,47_17.tif
0,47_19.tif
0,47_2.tif
0,47_20.tif
0,47_21.tif
0,47_22.tif
0,47_27.tif
0,47_28.tif
0,47_29.tif
0,47_30.tif
0,47_31.tif
0,47_32.tif
0,47_33.tif
0,47_34.tif
0,47_38.tif
0,47_47.tif
0,47_48.tif
0,47_49.tif
0,47_5.tif
0,47_51.tif
0,47_53.tif
0,47_55.tif
0,47_59.tif
0,47_60.tif
0,47_61.tif
0,47_62.tif
0,47_63.tif
0,47_64.tif
0,47_65.tif
0,47_66.tif
0,47_67.tif
0,47_68.tif
0,47_69.tif
0,47_7.tif
0,47_70.tif
0,47_71.tif
0,47_72.tif
0,47_73.tif
0,47_74.tif
0,47_75.tif
0,47_77.tif
0,47_78.tif
0,47_79.tif
0,47_8.tif
0,47_80.tif
0,47_81.tif
0,47_82.tif
0,47_83.tif
0,47_84.tif
0,47_86.tif
0,47_87.tif
0,47_88.tif
0,47_89.tif
0,47_9.tif
0,47_90.tif
0,47_92.tif
0,47_93.tif
0,47_94.tif
0,47_95.tif
0,47_96.tif
0,47_97.tif
0,47_98.tif
0,47_99.tif
0,4_1.tif
0,4_10.tif
0,4_100.tif
0,4_101.tif
0,4_102.tif
0,4_103.tif
0,4_104.tif
0,4_105.tif
0,4_106.tif
0,4_107.tif
0,4_108.tif
0,4_109.tif
0,4_110.tif
0,4_111.tif
0,4_112.tif
0,4_113.tif
0,4_114.tif
0,4_116.tif
0,4_117.tif
0,4_119.tif
0,4_12.tif
0,4_120.tif
0,4_13.tif
0,4_14.tif
0,4_15.tif
0,4_17.tif
0,4_19.tif
0,4_2.tif
0,4_21.tif
0,4_22.tif
0,4_24.tif
0,4_3.tif
0,4_30.tif
0,4_32.tif
0,4_33.tif
0,4_34.tif
0,4_36.tif
0,4_37.tif
0,4_38.tif
0,4_4.tif
0,4_40.tif
0,4_42.tif
0,4_43.tif
0,4_48.tif
0,4_49.tif
0,4_50.tif
0,4_51.tif
0,4_52.tif
0,4_54.tif
0,4_55.tif
0,4_56.tif
0,4_58.tif
0,4_60.tif
0,4_61.tif
0,4_62.tif
0,4_64.tif
0,4_65.tif
0,4_66.tif
0,4_67.tif
0,4_68.tif
0,4_69.tif
0,4_7.tif
0,4_70.tif
0,4_71.tif
0,4_72.tif
0,4_73.tif
0,4_76.tif
0,4_77.tif
0,4_78.tif
0,4_79.tif
0,4_80.tif
0,4_82.tif
0,4_83.tif
0,4_84.tif
0,4_85.tif
0,4_86.tif
0,4_87.tif
0,4_88.tif
0,4_89.tif
0,4_9.tif
0,4_91.tif
0,4_92.tif
0,4_93.tif
0,4_94.tif
0,4_97.tif
0,4_98.tif
0,4_99.tif
0,5_1.tif
0,5_10.tif
0,5_100.tif
0,5_101.tif
0,5_102.tif
0,5_103.tif
0,5_104.tif
0,5_105.tif
0,5_108.tif
0,5_109.tif
0,5_110.tif
0,5_111.tif
0,5_113.tif
0,5_115.tif
0,5_117.tif
0,5_118.tif
0,5_119.tif
0,5_12.tif
0,5_120.tif
0,5_13.tif
0,5_14.tif
0,5_15.tif
0,5_16.tif
0,5_19.tif
0,5_20.tif
0,5_21.tif
0,5_22.tif
0,5_24.tif
0,5_25.tif
0,5_26.tif
0,5_27.tif
0,5_29.tif
0,5_3.tif
0,5_32.tif
0,5_34.tif
0,5_35.tif
0,5_38.tif
0,5_39.tif
0,5_4.tif
0,5_40.tif
0,5_41.tif
0,5_43.tif
0,5_45.tif
0,5_46.tif
0,5_49.tif
0,5_5.tif
0,5_50.tif
0,5_51.tif
0,5_52.tif
0,5_54.tif
0,5_55.tif
0,5_56.tif
0,5_57.tif
0,5_58.tif
0,5_59.tif
0,5_6.tif
0,5_60.tif
0,5_61.tif
0,5_62.tif
0,5_64.tif
0,5_67.tif
0,5_68.tif
0,5_69.tif
0,5_70.tif
0,5_71.tif
0,5_72.tif
0,5_74.tif
0,5_75.tif
0,5_76.tif
0,5_77.tif
0,5_78.tif
0,5_79.tif
0,5_80.tif
0,5_81.tif
0,5_82.tif
0,5_84.tif
0,5_86.tif
0,5_87.tif
0,5_88.tif
0,5_89.tif
0,5_9.tif
0,5_90.tif
0,5_91.tif
0,5_92.tif
0,5_96.tif
0,5_97.tif
0,5_98.tif
0,5_99.tif
0,6_10.tif
0,6_100.tif
0,6_102.tif
0,6_103.tif
0,6_104.tif
0,6_105.tif
0,6_106.tif
0,6_107.tif
0,6_109.tif
0,6_11.tif
0,6_110.tif
0,6_111.tif
0,6_112.tif
0,6_113.tif
0,6_114.tif
0,6_115.tif
0,6_116.tif
0,6_117.tif
0,6_118.tif
0,6_119.tif
0,6_120.tif
0,6_14.tif
0,6_15.tif
0,6_17.tif
0,6_18.tif
0,6_19.tif
0,6_2.tif
0,6_20.tif
0,6_21.tif
0,6_22.tif
0,6_23.tif
0,6_25.tif
0,6_26.tif
0,6_27.tif
0,6_28.tif
0,6_3.tif
0,6_30.tif
0,6_32.tif
0,6_33.tif
0,6_34.tif
0,6_35.tif
0,6_36.tif
0,6_37.tif
0,6_38.tif
0,6_4.tif
0,6_40.tif
0,6_41.tif
0,6_42.tif
0,6_43.tif
0,6_44.tif
0,6_47.tif
0,6_49.tif
0,6_5.tif
0,6_51.tif
0,6_52.tif
0,6_53.tif
0,6_54.tif
0,6_55.tif
0,6_56.tif
0,6_59.tif
0,6_6.tif
0,6_60.tif
0,6_61.tif
0,6_62.tif
0,6_63.tif
0,6_64.tif
0,6_65.tif
0,6_66.tif
0,6_67.tif
0,6_68.tif
0,6_69.tif
0,6_70.tif
0,6_72.tif
0,6_73.tif
0,6_74.tif
0,6_75.tif
0,6_76.tif
0,6_77.tif
0,6_78.tif
0,6_79.tif
0,6_8.tif
0,6_80.tif
0,6_81.tif
0,6_82.tif
0,6_83.tif
0,6_84.tif
0,6_86.tif
0,6_87.tif
0,6_88.tif
0,6_89.tif
0,6_9.tif
0,6_90.tif
0,6_92.tif
0,6_93.tif
0,6_94.tif
0,6_95.tif
0,6_96.tif
0,6_97.tif
0,6_98.tif
0,6_99.tif
0,7_102.tif
0,7_105.tif
0,7_109.tif
0,7_110.tif
0,7_113.tif
0,7_18.tif
0,7_27.tif
0,7_3.tif
0,7_32.tif
0,7_35.tif
0,7_36.tif
0,7_40.tif
0,7_42.tif
0,7_46.tif
0,7_47.tif
0,7_48.tif
0,7_53.tif
0,7_6.tif
0,7_68.tif
0,7_69.tif
0,7_72.tif
0,7_78.tif
0,7_84.tif
0,7_88.tif
0,7_89.tif
0,7_9.tif
0,7_91.tif
0,7_93.tif
0,7_97.tif
0,8_1.tif
0,8_100.tif
0,8_101.tif
0,8_103.tif
0,8_105.tif
0,8_106.tif
0,8_107.tif
0,8_108.tif
0,8_109.tif
0,8_11.tif
0,8_111.tif
0,8_112.tif
0,8_113.tif
0,8_114.tif
0,8_115.tif
0,8_116.tif
0,8_118.tif
0,8_119.tif
0,8_12.tif
0,8_120.tif
0,8_13.tif
0,8_14.tif
0,8_15.tif
0,8_17.tif
0,8_19.tif
0,8_2.tif
0,8_20.tif
0,8_22.tif
0,8_23.tif
0,8_26.tif
0,8_27.tif
0,8_28.tif
0,8_29.tif
0,8_3.tif
0,8_32.tif
0,8_33.tif
0,8_35.tif
0,8_36.tif
0,8_37.tif
0,8_39.tif
0,8_4.tif
0,8_40.tif
0,8_41.tif
0,8_42.tif
0,8_43.tif
0,8_45.tif
0,8_46.tif
0,8_49.tif
0,8_5.tif
0,8_51.tif
0,8_52.tif
0,8_53.tif
0,8_54.tif
0,8_57.tif
0,8_58.tif
0,8_59.tif
0,8_6.tif
0,8_60.tif
0,8_61.tif
0,8_62.tif
0,8_63.tif
0,8_64.tif
0,8_65.tif
0,8_67.tif
0,8_68.tif
0,8_69.tif
0,8_7.tif
0,8_70.tif
0,8_71.tif
0,8_73.tif
0,8_74.tif
0,8_76.tif
0,8_77.tif
0,8_78.tif
0,8_79.tif
0,8_8.tif
0,8_80.tif
0,8_81.tif
0,8_82.tif
0,8_84.tif
0,8_86.tif
0,8_87.tif
0,8_88.tif
0,8_90.tif
0,8_91.tif
0,8_92.tif
0,8_93.tif
0,8_94.tif
0,8_95.tif
0,8_96.tif
0,8_97.tif
0,8_98.tif
0,8_99.tif
0,9_1.tif
0,9_102.tif
0,9_103.tif
0,9_105.tif
0,9_106.tif
0,9_108.tif
0,9_109.tif
0,9_110.tif
0,9_113.tif
0,9_115.tif
0,9_117.tif
0,9_119.tif
0,9_15.tif
0,9_17.tif
0,9_18.tif
0,9_19.tif
0,9_2.tif
0,9_20.tif
0,9_3.tif
0,9_30.tif
0,9_32.tif
0,9_34.tif
0,9_36.tif
0,9_40.tif
0,9_42.tif
0,9_44.tif
0,9_49.tif
0,9_5.tif
0,9_50.tif
0,9_51.tif
0,9_54.tif
0,9_59.tif
0,9_6.tif
0,9_65.tif
0,9_66.tif
0,9_73.tif
0,9_76.tif
0,9_78.tif
0,9_79.tif
0,9_8.tif
0,9_81.tif
0,9_82.tif
0,9_83.tif
0,9_84.tif
0,9_87.tif
0,9_88.tif
0,9_89.tif
0,9_90.tif
0,9_91.tif
0,9_93.tif
0,9_95.tif
0,9_96.tif
0,9_99.tif
684420,33_6.tif
784890,8_44.tif
816765,31_110.tif
852720,36_44.tif
853740,4_47.tif
861135,36_16.tif
861390,42_79.tif
895815,5_116.tif
908565,13_5.tif
908820,9_104.tif
912390,17_37.tif
913920,12_12.tif
914430,34_114.tif
921570,3_113.tif
932280,33_3.tif
932280,33_70.tif
948600,6_39.tif
950385,3_97.tif
963900,15_84.tif
968745,34_80.tif
973335,3_77.tif
980985,1_4.tif
980985,40_47.tif
980985,9_69.tif
981495,32_103.tif
983280,33_15.tif
986340,37_95.tif
999345,25_32.tif
999855,3_35.tif
1006740,1_15.tif
1015410,19_22.tif
1016430,28_27.tif
1018980,1_90.tif
1020000,34_97.tif
1025355,12_53.tif
1026375,19_11.tif
1026885,25_18.tif
1030200,1_118.tif
1032750,38_3.tif
1035810,5_66.tif
1036320,44_114.tif
1038105,37_64.tif
1038870,18_21.tif
1040400,1_43.tif
1045245,3_84.tif
1052640,15_28.tif
1055445,25_96.tif
1061055,31_1.tif
1069470,46_6.tif
1072020,11_73.tif
1073040,10_16.tif
1078905,1_89.tif
1079415,1_80.tif
1084005,38_92.tif
1085280,10_84.tif
1085280,12_21.tif
1093440,5_93.tif
1094715,19_114.tif
1095990,5_65.tif
1097775,45_5.tif
1098540,25_53.tif
1100325,3_17.tif
1101600,1_57.tif
1102110,34_39.tif
1104915,1_56.tif
1105425,26_48.tif
1116135,34_87.tif
1117410,31_112.tif
1118430,15_26.tif
1118430,23_107.tif
1121490,30_115.tif
1123020,38_21.tif
1125825,42_69.tif
1131435,3_41.tif
1132455,42_113.tif
1139340,25_13.tif
1139340,9_86.tif
1146225,34_65.tif
1148775,5_7.tif
1149285,20_78.tif
1150305,42_61.tif
1150560,11_120.tif
1150815,33_48.tif
1150815,3_117.tif
1152090,20_43.tif
1152345,19_28.tif
1156425,34_84.tif
1157190,32_95.tif
1157445,36_101.tif
1159485,17_28.tif
1162545,25_6.tif
1162545,3_30.tif
1163820,25_16.tif
1166880,34_94.tif
1170705,11_99.tif
1170705,38_47.tif
1172235,4_26.tif
1173000,5_33.tif
1173510,34_22.tif
1173765,25_78.tif
1176570,8_16.tif
1177080,1_1.tif
1177590,23_9.tif
1178610,5_48.tif
1180650,3_106.tif
1183200,42_66.tif
1183455,34_62.tif
1183710,3_18.tif
1183710,42_46.tif
1184220,34_93.tif
1184985,23_41.tif
1186515,5_31.tif
1187025,36_98.tif
1187790,47_39.tif
1188300,38_109.tif
1188555,1_61.tif
1189320,33_27.tif
1189575,23_78.tif
1190850,24_105.tif
1191360,12_7.tif
1194675,46_43.tif
1195695,34_34.tif
1196460,42_18.tif
1198500,19_44.tif
1199520,31_118.tif
1201050,23_48.tif
1201050,3_20.tif
1201305,37_79.tif
1202580,19_55.tif
1202580,3_114.tif
1203600,9_112.tif
1204365,42_110.tif
1205385,26_55.tif
1205385,34_64.tif
1205895,40_58.tif
1206150,44_110.tif
1207170,3_15.tif
1208700,25_61.tif
1208700,38_6.tif
1209975,20_98.tif
1211250,44_25.tif
1215840,38_114.tif
1217370,5_37.tif
1217625,24_107.tif
1219920,42_91.tif
1220430,42_108.tif
1221195,23_84.tif
1221705,10_3.tif
1222470,15_29.tif
1222470,42_11.tif
1222980,37_104.tif
1223490,19_17.tif
1225785,1_17.tif
1226805,31_17.tif
1227060,1_74.tif
1229355,18_54.tif
1229610,25_73.tif
1229865,37_120.tif
1232925,5_36.tif
1233180,42_71.tif
1233180,42_86.tif
1234455,3_81.tif
1234965,41_44.tif
1235220,25_83.tif
1235475,42_76.tif
1236495,10_83.tif
1237770,6_71.tif
1238535,33_5.tif
1240320,9_4.tif
1240575,42_13.tif
1242870,37_114.tif
1243380,35_88.tif
1243635,33_50.tif
1246695,19_3.tif
1247205,3_46.tif
1248225,3_8.tif
1249755,41_43.tif
1250010,5_94.tif
1251285,33_43.tif
1252305,37_22.tif
1253835,38_11.tif
1256385,34_92.tif
1259190,38_44.tif
1259955,12_75.tif
1261995,24_16.tif
1261995,6_108.tif
1262250,43_76.tif
1262760,42_62.tif
1263270,23_39.tif
1263780,11_77.tif
1264545,24_23.tif
1266330,10_49.tif
1267095,5_95.tif
1267350,1_106.tif
1267605,17_57.tif
1267860,9_21.tif
1268115,38_54.tif
1268370,34_59.tif
1269135,20_44.tif
1271685,42_51.tif
1271940,11_48.tif
1271940,34_1.tif
1271940,41_91.tif
1273470,5_2.tif
1273725,11_32.tif
1273725,42_20.tif
1273980,11_13.tif
1275510,9_16.tif
1275510,9_41.tif
1277550,32_59.tif
1277550,46_38.tif
1278060,42_1.tif
1278315,12_22.tif
1279080,13_73.tif
1280100,25_67.tif
1280100,6_29.tif
1280610,41_79.tif
1281120,27_26.tif
1282140,36_11.tif
1282650,5_28.tif
1282905,24_104.tif
1283925,12_56.tif
1285965,12_85.tif
1286475,3_56.tif
1289025,2_77.tif
1289535,29_106.tif
1289790,42_59.tif
1290045,41_4.tif
1291830,3_109.tif
1292340,34_19.tif
1292850,5_85.tif
1293105,19_57.tif
1293360,23_27.tif
1293615,29_112.tif
1293870,18_35.tif
1294380,10_27.tif
1294380,32_74.tif
1295145,44_113.tif
1296420,45_50.tif
1297185,37_101.tif
1298205,34_36.tif
1298715,26_110.tif
1299225,6_91.tif
1299735,31_80.tif
1299735,31_90.tif
1299735,44_14.tif
1299990,34_14.tif
1300755,41_18.tif
1301265,38_71.tif
1301265,42_35.tif
1302030,20_7.tif
1302285,11_10.tif
1302795,10_46.tif
1303305,34_103.tif
1305345,3_78.tif
1305855,37_99.tif
1306875,36_64.tif
1307640,44_83.tif
1307640,46_10.tif
1307895,19_78.tif
1307895,9_64.tif
1309935,18_55.tif
1310190,42_83.tif
1310700,26_28.tif
1312230,34_67.tif
1312485,43_23.tif
1313505,35_49.tif
1313760,23_119.tif
1314525,44_70.tif
1315035,33_52.tif
1315545,21_85.tif
1316055,23_79.tif
1316055,47_37.tif
1316565,19_85.tif
1316565,42_26.tif
1317330,9_61.tif
1317585,5_73.tif
1318350,34_20.tif
1318860,26_66.tif
1320390,44_100.tif
1320900,1_33.tif
1320900,23_2.tif
1321665,44_49.tif
1323450,25_17.tif
1323450,30_79.tif
1325490,24_46.tif
1325490,41_88.tif
1325745,12_3.tif
1326255,41_98.tif
1328295,34_49.tif
1328805,9_92.tif
1329825,40_20.tif
1330335,1_75.tif
1331100,32_1.tif
1331610,19_83.tif
1331610,44_97.tif
1332120,23_86.tif
1332630,34_23.tif
1332885,15_43.tif
1332885,19_6.tif
1334670,26_21.tif
1334670,34_100.tif
1334925,20_64.tif
1335690,47_12.tif
1335945,7_81.tif
1336200,25_54.tif
1336455,24_44.tif
1336965,7_86.tif
1337730,41_64.tif
1338495,41_95.tif
1339005,36_52.tif
1339005,38_110.tif
1339515,27_27.tif
1340025,12_105.tif
1340025,6_46.tif
1340280,1_113.tif
1340280,24_64.tif
1341045,34_2.tif
1341045,3_95.tif
1342575,30_83.tif
1342575,31_85.tif
1342575,37_93.tif
1343340,24_69.tif
1344360,41_51.tif
1344360,4_57.tif
1345125,20_13.tif
1345635,25_27.tif
1346145,3_29.tif
1347675,23_120.tif
1348440,42_16.tif
1348950,6_48.tif
1350735,44_67.tif
1350990,18_2.tif
1351500,42_38.tif
1351755,38_72.tif
1353540,23_22.tif
1354050,30_87.tif
1355070,35_36.tif
1356090,43_54.tif
1356345,4_41.tif
1356600,13_44.tif
1356600,44_103.tif
1357110,31_59.tif
1357620,23_47.tif
1358385,15_73.tif
1358385,46_115.tif
1358640,30_28.tif
1358640,31_96.tif
1359660,42_60.tif
1360170,13_63.tif
1360425,44_104.tif
1361190,19_105.tif
1361445,11_112.tif
1362720,15_24.tif
1362720,3_22.tif
1362975,33_16.tif
1362975,44_52.tif
1363740,42_39.tif
1363995,11_1.tif
1363995,11_106.tif
1364505,34_54.tif
1364505,5_44.tif
1365015,3_57.tif
1366035,42_64.tif
1366545,23_101.tif
1367565,42_5.tif
1368075,1_91.tif
1368330,3_47.tif
1369350,31_113.tif
1369605,29_37.tif
1369860,23_94.tif
1370115,28_36.tif
1370115,42_117.tif
1370115,42_32.tif
1370370,38_90.tif
1370880,12_55.tif
1371390,34_10.tif
1371645,8_75.tif
1373685,4_46.tif
1373940,18_4.tif
1373940,3_105.tif
1374705,34_40.tif
1375980,42_104.tif
1376490,44_69.tif
1377000,19_12.tif
1377510,11_42.tif
1379040,38_76.tif
1380060,13_78.tif
1380060,46_40.tif
1381845,28_89.tif
1383375,24_115.tif
1383630,37_55.tif
1384395,46_16.tif
1384395,6_85.tif
1384650,31_10.tif
1385415,34_21.tif
1386690,30_27.tif
1386690,34_5.tif
1387965,25_75.tif
1387965,25_79.tif
1388730,42_106.tif
1388985,41_89.tif
1389495,20_25.tif
1389495,2_8.tif
1389750,5_17.tif
1390005,38_107.tif
1390005,42_47.tif
1391025,34_71.tif
1392300,34_53.tif
1392810,23_18.tif
1393320,34_82.tif
1393575,19_56.tif
1393575,37_116.tif
1394085,42_21.tif
1394340,30_66.tif
1394595,4_118.tif
1395615,23_35.tif
1396125,4_35.tif
1396380,1_111.tif
1397145,26_111.tif
1400460,36_118.tif
1401735,7_11.tif
1401990,41_30.tif
1402245,3_103.tif
1402755,34_55.tif
1403520,25_120.tif
1404285,19_40.tif
1405560,15_41.tif
1406070,17_52.tif
1406070,25_25.tif
1406835,5_114.tif
1408620,19_32.tif
1408875,42_120.tif
1411680,32_110.tif
1412190,31_108.tif
1412190,42_118.tif
1412445,42_36.tif
1412445,9_45.tif
1412700,1_104.tif
1412700,5_63.tif
1412955,20_15.tif
1413465,38_111.tif
1414230,11_68.tif
1414230,35_106.tif
1414485,1_45.tif
1414740,25_43.tif
1414995,36_56.tif
1415250,15_22.tif
1416525,36_66.tif
1417035,38_57.tif
1417290,42_65.tif
1417545,3_13.tif
1419075,28_115.tif
1419330,24_77.tif
1419585,38_51.tif
1419585,5_112.tif
1419840,34_6.tif
1420605,23_75.tif
1420860,34_72.tif
1421115,34_89.tif
1421370,20_57.tif
1421880,37_13.tif
1423410,10_48.tif
1423920,32_108.tif
1423920,9_107.tif
1425705,8_24.tif
1426980,15_118.tif
1426980,3_1.tif
1428255,20_94.tif
1428255,23_21.tif
1428510,25_10.tif
1428765,25_36.tif
1429785,19_23.tif
1429785,30_101.tif
1430805,5_53.tif
1431060,23_1.tif
1431315,23_44.tif
1431825,8_66.tif
1432080,24_81.tif
1432845,37_113.tif
1434120,42_85.tif
1434630,4_16.tif
1435140,45_54.tif
1436160,37_96.tif
1436160,42_6.tif
1437435,27_92.tif
1438965,19_65.tif
1439985,28_109.tif
1439985,42_77.tif
1439985,7_67.tif
1440495,26_17.tif
1440750,1_36.tif
1440750,42_8.tif
1441260,36_36.tif
1442025,23_36.tif
1442790,36_55.tif
1442790,36_86.tif
1443300,15_109.tif
1443300,9_100.tif
1443555,24_94.tif
1444575,33_42.tif
1445340,24_108.tif
1445850,23_15.tif
1445850,9_28.tif
1446105,3_115.tif
1446105,42_67.tif
1447380,13_65.tif
1447890,26_5.tif
1448145,6_50.tif
1448400,25_22.tif
1448655,11_26.tif
1448910,42_9.tif
1449165,44_112.tif
1449675,43_109.tif
1449930,11_46.tif
1450185,5_83.tif
1451205,13_14.tif
1451205,24_18.tif
1451715,38_28.tif
1452225,11_80.tif
1452225,19_107.tif
1452225,37_45.tif
1452225,9_74.tif
1452480,42_70.tif
1452990,28_113.tif
1453500,3_5.tif
1453500,5_23.tif
1453500,6_31.tif
1454010,34_51.tif
1456050,19_72.tif
1456305,10_24.tif
1456305,28_31.tif
1456815,2_81.tif
1456815,37_107.tif
1457070,5_30.tif
1457325,46_3.tif
1457835,22_87.tif
1458855,26_112.tif
1459110,31_64.tif
1460895,26_86.tif
1461915,14_41.tif
1461915,36_29.tif
1462425,41_48.tif
1462935,1_24.tif
1463190,40_93.tif
1463955,11_18.tif
1464720,20_6.tif
1465995,23_64.tif
1466250,25_44.tif
1466250,33_59.tif
1466505,44_44.tif
1466760,15_3.tif
1466760,37_50.tif
1467780,37_89.tif
1468035,28_111.tif
1469055,42_41.tif
1470075,34_66.tif
1470330,38_100.tif
1471350,46_51.tif
1471605,37_111.tif
1471860,35_37.tif
1472115,36_82.tif
1472370,32_49.tif
1472370,3_24.tif
1474155,24_52.tif
1474665,29_2.tif
1474665,43_104.tif
1475175,32_16.tif
1475430,13_39.tif
1475430,33_45.tif
1475430,44_57.tif
1475430,44_63.tif
1475685,34_106.tif
1476195,37_61.tif
1476705,19_46.tif
1476705,35_82.tif
1477980,41_36.tif
1477980,5_18.tif
1478235,31_70.tif
1478235,42_57.tif
1479510,19_60.tif
1481550,46_56.tif
1481805,17_31.tif
1481805,36_57.tif
1481805,4_5.tif
1482570,34_12.tif
1482825,15_36.tif
1482825,29_33.tif
1483080,34_32.tif
1483590,28_51.tif
1483590,7_80.tif
1485120,24_34.tif
1487415,38_35.tif
1488690,18_36.tif
1489710,36_72.tif
1490220,24_91.tif
1490220,43_36.tif
1490475,34_83.tif
1491495,19_53.tif
1492005,7_59.tif
1492260,41_53.tif
1493025,23_105.tif
1493280,33_62.tif
1493790,11_51.tif
1493790,3_9.tif
1495830,30_100.tif
1496340,23_104.tif
1497870,11_50.tif
1497870,42_109.tif
1501695,37_81.tif
1502715,17_54.tif
1502970,34_13.tif
1503225,34_45.tif
1503990,33_40.tif
1504500,19_36.tif
1504500,24_56.tif
1504500,35_13.tif
1504755,1_7.tif
1504755,41_22.tif
1505010,15_59.tif
1506285,24_75.tif
1507050,37_90.tif
1507560,10_87.tif
1509090,44_111.tif
1509345,25_117.tif
1509345,44_58.tif
1511130,19_93.tif
1511130,44_76.tif
1511385,24_13.tif
1511385,34_58.tif
1511640,7_50.tif
1512150,15_64.tif
1513170,23_55.tif
1513425,38_60.tif
1513680,42_28.tif
1513935,28_83.tif
1514700,30_25.tif
1515210,1_44.tif
1515465,37_54.tif
1515720,4_28.tif
1516230,35_23.tif
1516485,44_65.tif
1516995,26_74.tif
1516995,36_30.tif
1517250,6_58.tif
1517505,31_115.tif
1519035,11_20.tif
1519545,41_41.tif
1519545,8_21.tif
1520310,7_62.tif
1521075,26_98.tif
1521330,34_35.tif
1521585,11_95.tif
1522095,44_34.tif
1522860,26_23.tif
1523370,42_68.tif
1523370,45_39.tif
1523625,26_40.tif
1523625,26_99.tif
1523625,38_87.tif
1523625,43_106.tif
1524645,38_91.tif
1525155,8_104.tif
1526175,6_7.tif
1526940,10_7.tif
1528215,13_95.tif
1528215,7_45.tif
1528980,1_88.tif
1529235,13_68.tif
1529745,19_4.tif
1530255,11_23.tif
1530255,26_46.tif
1530510,38_59.tif
1531275,32_38.tif
1532040,1_49.tif
1532040,45_22.tif
1532295,26_102.tif
1532805,28_16.tif
1532805,9_25.tif
1534080,6_16.tif
1534335,34_107.tif
1534845,9_38.tif
1535610,13_11.tif
1536375,13_41.tif
1537140,19_15.tif
1537650,26_89.tif
1538160,34_27.tif
1539690,7_118.tif
1539945,17_47.tif
1539945,1_20.tif
1540455,28_62.tif
1540965,42_12.tif
1541475,9_33.tif
1541730,9_118.tif
1541985,38_56.tif
1542495,41_2.tif
1543260,34_75.tif
1543515,9_39.tif
1544025,37_31.tif
1545555,17_35.tif
1546065,32_19.tif
1546320,15_97.tif
1546320,37_53.tif
1547850,47_108.tif
1547850,8_18.tif
1548615,34_37.tif
1548870,34_33.tif
1548870,41_120.tif
1549380,23_34.tif
1549635,19_30.tif
1549890,22_106.tif
1550655,11_113.tif
1551165,14_14.tif
1551420,31_50.tif
1551420,3_49.tif
1551675,37_38.tif
1552695,13_2.tif
1552950,13_24.tif
1553205,32_71.tif
1553205,42_44.tif
1553460,34_91.tif
1554225,26_73.tif
1554480,42_40.tif
1555245,27_44.tif
1556010,26_84.tif
1556265,38_39.tif
1556520,44_24.tif
1556775,34_7.tif
1557030,11_66.tif
1557030,34_16.tif
1558305,13_120.tif
1560600,19_29.tif
1560855,41_54.tif
1561110,32_96.tif
1562895,18_41.tif
1563405,1_42.tif
1564170,42_34.tif
1564425,42_94.tif
1564935,41_7.tif
1566465,43_77.tif
1567485,32_21.tif
1567485,9_24.tif
1567740,15_40.tif
1568250,43_64.tif
1568760,26_96.tif
1569015,13_99.tif
1569015,41_34.tif
1569270,19_119.tif
1569780,38_41.tif
1569780,44_2.tif
1569780,44_77.tif
1570290,38_69.tif
1570290,3_14.tif
1570545,19_1.tif
1571310,38_23.tif
1571820,36_117.tif
1572075,29_60.tif
1572330,3_76.tif
1573860,35_32.tif
1574625,13_49.tif
1575645,23_10.tif
1576155,38_46.tif
1576410,23_52.tif
1576665,13_108.tif
1576665,28_63.tif
1577940,31_15.tif
1577940,44_95.tif
1578195,26_81.tif
1579215,18_17.tif
1581255,20_92.tif
1581765,23_38.tif
1582785,10_104.tif
1582785,37_102.tif
1583295,28_105.tif
1584060,15_58.tif
1584825,12_98.tif
1585335,19_19.tif
1585335,45_35.tif
1587120,44_16.tif
1587375,43_67.tif
1587630,5_107.tif
1588395,11_9.tif
1589160,24_92.tif
1589415,13_8.tif
1590435,31_24.tif
1591455,31_25.tif
1592730,38_103.tif
1594005,29_7.tif
1594260,47_85.tif
1594770,13_21.tif
1595790,19_77.tif
1596300,39_74.tif
1596555,11_91.tif
1596555,36_71.tif
1596555,6_45.tif
1596810,17_78.tif
1597065,15_27.tif
1597065,22_28.tif
1597320,42_14.tif
1598085,8_34.tif
1598595,47_43.tif
1598850,26_19.tif
1599105,36_89.tif
1600125,11_16.tif
1600380,35_100.tif
1601910,36_22.tif
1603950,13_79.tif
1603950,30_12.tif
1604460,37_75.tif
1604715,3_66.tif
1605480,20_36.tif
1605990,26_91.tif
1606245,42_116.tif
1606500,33_24.tif
1607520,26_38.tif
1608285,3_38.tif
1609305,1_2.tif
1609815,34_8.tif
1610070,42_93.tif
1610325,9_62.tif
1610835,41_49.tif
1611345,35_63.tif
1611600,26_29.tif
1611600,34_46.tif
1611855,9_98.tif
1612110,36_112.tif
1613640,34_52.tif
1613895,13_62.tif
1613895,9_13.tif
1615425,3_25.tif
1615935,18_39.tif
1616445,35_104.tif
1616700,32_44.tif
1617210,41_107.tif
1617720,12_120.tif
1617975,34_63.tif
1617975,41_52.tif
1618485,23_98.tif
1618485,30_38.tif
1618995,31_22.tif
1619760,23_77.tif
1620270,15_16.tif
1620270,30_82.tif
1620780,11_119.tif
1621545,45_7.tif
1622055,35_1.tif
1623075,4_63.tif
1623585,23_57.tif
1624350,24_17.tif
1624860,5_11.tif
1625115,36_99.tif
1625625,6_101.tif
1626900,19_63.tif
1627155,29_20.tif
1627155,37_19.tif
1627665,41_93.tif
1628430,9_68.tif
1628685,41_55.tif
1628685,44_35.tif
1629450,11_27.tif
1629705,25_8.tif
1629960,31_29.tif
1631745,7_52.tif
1632000,42_114.tif
1632510,23_69.tif
1633020,26_54.tif
1633275,46_45.tif
1633785,44_118.tif
1634295,11_12.tif
1634295,29_13.tif
1635315,44_10.tif
1635570,28_98.tif
1635825,37_14.tif
1636080,5_8.tif
1636590,20_3.tif
1637100,9_7.tif
1637865,13_18.tif
1638375,10_42.tif
1638375,32_80.tif
1639140,3_6.tif
1639650,15_38.tif
1639650,44_5.tif
1640670,29_80.tif
1641435,34_85.tif
1641945,37_115.tif
1643220,32_79.tif
1643475,1_109.tif
1643730,31_52.tif
1643730,32_94.tif
1643985,23_87.tif
1645005,19_48.tif
1645260,11_90.tif
1645260,37_30.tif
1645770,9_52.tif
1646025,37_69.tif
1646535,42_112.tif
1646535,42_23.tif
1647045,34_17.tif
1647045,47_91.tif
1647810,35_28.tif
1648575,36_45.tif
1648830,11_2.tif
1649595,26_65.tif
1649850,24_1.tif
1650360,33_11.tif
1651125,42_54.tif
1651380,28_42.tif
1651380,44_71.tif
1651890,29_34.tif
1652145,42_101.tif
1652400,41_68.tif
1652910,46_31.tif
1654185,19_9.tif
1654440,43_30.tif
1655970,41_46.tif
1656225,26_109.tif
1656735,8_117.tif
1656990,17_2.tif
1657245,1_52.tif
1657500,15_57.tif
1657755,11_35.tif
1657755,30_55.tif
1657755,45_55.tif
1658010,37_49.tif
1658265,23_83.tif
1659285,35_2.tif
1659540,31_37.tif
1660050,44_12.tif
1660050,9_31.tif
1661835,32_75.tif
1662090,36_54.tif
1662345,19_58.tif
1663365,45_114.tif
1663365,45_118.tif
1663620,19_69.tif
1663620,32_15.tif
1663620,42_80.tif
1664640,23_4.tif
1664640,3_4.tif
1666170,1_85.tif
1667190,44_89.tif
1667190,7_76.tif
1667445,15_50.tif
1668465,10_26.tif
1668465,24_4.tif
1669230,1_39.tif
1669230,21_28.tif
1669230,41_31.tif
1669740,42_99.tif
1670505,31_41.tif
1670760,19_7.tif
1671780,34_44.tif
1672035,41_37.tif
1672545,36_93.tif
1672545,44_20.tif
1672800,42_3.tif
1674075,41_99.tif
1674330,42_42.tif
1675095,24_99.tif
1675095,31_76.tif
1675860,16_40.tif
1675860,42_22.tif
1676115,37_4.tif
1676370,30_21.tif
1676880,42_29.tif
1677135,43_43.tif
1678920,13_105.tif
1679175,31_65.tif
1679430,31_53.tif
1679685,23_11.tif
1679685,31_101.tif
1679685,37_68.tif
1679685,9_101.tif
1680960,29_18.tif
1681470,32_115.tif
1681725,28_57.tif
1682235,32_52.tif
1682235,43_61.tif
1682490,37_25.tif
1683000,33_29.tif
1683765,42_55.tif
1684020,29_35.tif
1687590,43_12.tif
1687845,19_34.tif
1688100,38_113.tif
1688865,18_18.tif
1688865,23_24.tif
1689120,3_58.tif
1689885,7_10.tif
1690395,15_9.tif
1690650,12_41.tif
1691160,38_7.tif
1691415,38_2.tif
1691925,20_53.tif
1692435,38_77.tif
1692690,41_111.tif
1693200,47_6.tif
1693710,10_60.tif
1693710,13_7.tif
1694220,46_34.tif
1694475,28_33.tif
1694730,44_53.tif
1694985,17_7.tif
1694985,28_54.tif
1695495,42_97.tif
1695495,43_59.tif
1697535,23_17.tif
1697535,44_42.tif
1697535,44_55.tif
1698045,36_3.tif
1699320,11_28.tif
1700085,44_43.tif
1700595,37_98.tif
1700595,47_46.tif
1701105,44_21.tif
1701360,29_49.tif
1701615,1_101.tif
1701615,37_74.tif
1702125,43_93.tif
1704165,4_95.tif
1705440,13_85.tif
1705695,37_12.tif
1705695,5_106.tif
1706715,36_85.tif
1707480,3_96.tif
1707735,20_19.tif
1707990,23_92.tif
1708755,42_52.tif
1709010,36_116.tif
1709520,1_54.tif
1710030,34_79.tif
1711305,42_25.tif
1711560,47_40.tif
1712325,35_69.tif
1712325,43_56.tif
1712835,36_32.tif
1713600,11_117.tif
1714110,42_15.tif
1714365,41_19.tif
1714875,35_53.tif
1715640,24_36.tif
1715640,44_6.tif
1716150,9_72.tif
1716405,14_78.tif
1717935,36_79.tif
1717935,41_45.tif
1718190,35_33.tif
1718445,37_109.tif
1718700,11_109.tif
1719975,7_55.tif
1720230,16_53.tif
1720995,37_73.tif
1721250,4_45.tif
1721505,22_62.tif
1722015,10_52.tif
1722270,35_21.tif
1724820,38_9.tif
1725330,32_55.tif
1725585,7_63.tif
1725840,42_49.tif
1726095,41_9.tif
1726605,37_119.tif
1726860,42_31.tif
1727115,16_20.tif
1727115,42_89.tif
1727625,32_65.tif
1727880,27_112.tif
1728645,5_42.tif
1729155,34_31.tif
1729410,34_115.tif
1729665,28_75.tif
1730175,11_114.tif
1730685,17_36.tif
1731960,9_57.tif
1732215,32_57.tif
1732470,15_25.tif
1732980,10_64.tif
1732980,23_108.tif
1733235,19_38.tif
1733490,1_87.tif
1733745,13_37.tif
1733745,32_50.tif
1734255,10_30.tif
1734255,30_4.tif
1735785,24_79.tif
1735785,30_56.tif
1736040,15_30.tif
1736040,23_58.tif
1737060,20_17.tif
1737570,44_46.tif
1738335,13_71.tif
1738590,10_31.tif
1739100,10_36.tif
1739100,26_2.tif
1740885,28_64.tif
1740885,45_45.tif
1741395,36_60.tif
1741395,37_118.tif
1741905,35_9.tif
1742415,13_117.tif
1742415,38_29.tif
1742925,10_8.tif
1743180,24_6.tif
1743945,13_87.tif
1744200,43_80.tif
1744710,8_9.tif
1745220,34_102.tif
1745985,24_61.tif
1746495,34_86.tif
1746495,37_82.tif
1747515,34_28.tif
1747770,44_50.tif
1749045,44_38.tif
1749045,9_10.tif
1750320,13_3.tif
1751085,38_18.tif
1751595,44_78.tif
1752105,34_11.tif
1752360,45_19.tif
1753635,29_32.tif
1754655,41_25.tif
1755165,11_59.tif
1755165,32_106.tif
1756185,31_58.tif
1756695,26_95.tif
1758990,29_59.tif
1759245,1_27.tif
1759500,42_27.tif
1760010,10_58.tif
1760775,23_60.tif
1761030,38_42.tif
1761285,15_60.tif
1762560,47_54.tif
1763835,19_50.tif
1763835,47_58.tif
1765365,44_39.tif
1766130,25_11.tif
1766385,10_41.tif
1766640,23_49.tif
1766640,35_34.tif
1766895,43_49.tif
1767150,8_56.tif
1768935,5_47.tif
1770465,43_28.tif
1770720,13_27.tif
1770975,26_72.tif
1771485,13_53.tif
1771740,33_64.tif
1772250,44_108.tif
1772250,7_103.tif
1774545,7_108.tif
1774800,16_74.tif
1774800,47_117.tif
1775310,1_92.tif
1775310,20_49.tif
1775820,21_71.tif
1776075,41_56.tif
1776330,26_68.tif
1776330,45_105.tif
1777350,16_97.tif
1778115,16_69.tif
1778880,20_62.tif
1778880,21_82.tif
1779390,35_38.tif
1779900,35_112.tif
1780410,32_93.tif
1780410,7_22.tif
1780920,28_19.tif
1780920,8_31.tif
1781430,30_36.tif
1781685,41_35.tif
1782195,23_73.tif
1782450,3_93.tif
1782705,35_20.tif
1785000,41_94.tif
1786020,25_20.tif
1786785,41_73.tif
1787040,34_41.tif
1787805,18_40.tif
1787805,18_7.tif
1787805,25_48.tif
1789335,32_109.tif
1789335,9_43.tif
1789845,4_8.tif
1790100,15_51.tif
1790865,36_111.tif
1791120,37_83.tif
1791375,42_45.tif
1791630,47_35.tif
1791885,29_17.tif
1791885,32_40.tif
1791885,47_76.tif
1792905,26_108.tif
1793670,11_21.tif
1793925,15_107.tif
1794435,32_86.tif
1797750,32_73.tif
1797750,44_40.tif
1797750,44_41.tif
1797750,9_114.tif
1798260,24_54.tif
1799025,32_120.tif
1799025,36_41.tif
1800045,1_37.tif
1801065,42_78.tif
1801830,26_45.tif
1802085,36_70.tif
1802340,2_59.tif
1802850,32_8.tif
1802850,41_114.tif
1803105,9_77.tif
1804125,19_101.tif
1804125,25_14.tif
1804890,33_12.tif
1805400,19_51.tif
1806165,37_91.tif
1806930,46_87.tif
1807185,13_46.tif
1807185,23_30.tif
1807440,16_85.tif
1807695,37_21.tif
1808205,17_58.tif
1808205,26_115.tif
1808460,16_71.tif
1808460,37_46.tif
1808460,38_80.tif
1808715,13_56.tif
1808970,13_45.tif
1809480,11_115.tif
1809480,9_111.tif
1809735,41_42.tif
1810500,21_62.tif
1812030,31_16.tif
1812285,42_7.tif
1814070,15_32.tif
1814070,4_115.tif
1814835,31_38.tif
1814835,37_1.tif
1815090,24_84.tif
1815855,23_13.tif
1816365,23_91.tif
1816620,15_19.tif
1817895,13_59.tif
1818405,13_76.tif
1818405,13_90.tif
1818405,15_37.tif
1818405,25_84.tif
1818915,41_117.tif
1818915,6_24.tif
1819425,13_69.tif
1819680,23_3.tif
1820445,41_33.tif
1820700,17_16.tif
1820700,44_28.tif
1821210,27_21.tif
1821210,37_8.tif
1821975,20_1.tif
1822740,16_2.tif
1823250,44_74.tif
1823505,37_108.tif
1824270,41_6.tif
1824780,13_80.tif
1825035,32_76.tif
1825035,42_4.tif
1825545,37_35.tif
1825800,24_22.tif
1826055,43_3.tif
1826310,25_89.tif
1826565,29_21.tif
1827330,29_25.tif
1828350,11_5.tif
1828860,41_113.tif
1829625,26_93.tif
1829880,30_75.tif
1830135,23_115.tif
1830390,44_18.tif
1830645,30_5.tif
1830900,19_67.tif
1831410,30_59.tif
1832175,19_27.tif
1832685,37_71.tif
1833195,14_71.tif
1833195,20_60.tif
1833705,15_20.tif
1833960,44_66.tif
1834215,1_108.tif
1834215,41_14.tif
1834470,1_14.tif
1835490,29_12.tif
1835745,21_66.tif
1835745,37_85.tif
1836000,20_58.tif
1836510,28_72.tif
1836765,13_36.tif
1836765,37_78.tif
1837275,14_66.tif
1837275,20_51.tif
1837275,29_15.tif
1838040,38_25.tif
1838040,44_27.tif
1838805,24_74.tif
1838805,4_27.tif
1839825,43_7.tif
1840080,18_59.tif
1840590,23_25.tif
1840845,10_89.tif
1840845,15_7.tif
1840845,28_23.tif
1841100,41_84.tif
1841610,6_57.tif
1841865,44_86.tif
1842375,15_12.tif
1842885,44_3.tif
1842885,6_1.tif
1843395,3_70.tif
1844670,44_102.tif
1847220,24_103.tif
1848495,37_27.tif
1849005,10_37.tif
1849005,11_86.tif
1849770,10_97.tif
1851045,20_61.tif
1851045,8_30.tif
1851555,2_62.tif
1852575,13_40.tif
1853340,23_5.tif
1854105,29_102.tif
1855380,38_38.tif
1855380,9_71.tif
1855890,3_12.tif
1856145,44_85.tif
1856655,36_50.tif
1857165,21_42.tif
1858440,19_89.tif
1858440,41_86.tif
1858695,29_57.tif
1858695,36_100.tif
1858950,35_43.tif
1859460,19_95.tif
1859460,42_17.tif
1860225,19_73.tif
1860735,32_99.tif
1860990,43_38.tif
1861245,36_53.tif
1861245,7_44.tif
1862520,1_23.tif
1863795,37_9.tif
1864815,1_107.tif
1865070,15_42.tif
1865070,37_62.tif
1866090,30_108.tif
1866345,16_90.tif
1866345,41_26.tif
1867365,19_106.tif
1867620,38_5.tif
1867875,13_58.tif
1868895,1_96.tif
1869150,15_18.tif
1869150,16_52.tif
1869150,24_114.tif
1869150,46_24.tif
1870170,41_115.tif
1870935,13_15.tif
1871445,23_37.tif
1871700,28_45.tif
1872720,15_33.tif
1872720,37_47.tif
1872720,8_10.tif
1872975,23_8.tif
1873230,13_35.tif
1873485,24_12.tif
1873485,35_58.tif
1874250,44_87.tif
1875015,18_51.tif
1875780,24_45.tif
1876035,30_96.tif
1876035,38_55.tif
1876035,41_105.tif
1876290,11_45.tif
1877055,13_16.tif
1877310,1_67.tif
1877820,15_86.tif
1877820,41_58.tif
1878330,42_10.tif
1878840,23_50.tif
1880115,41_5.tif
1880370,6_12.tif
1881390,17_45.tif
1881645,37_84.tif
1881645,44_22.tif
1882155,37_5.tif
1882665,47_3.tif
1882920,22_11.tif
1883175,11_17.tif
1883430,43_87.tif
1884195,24_32.tif
1884195,38_105.tif
1884705,41_32.tif
1884960,28_30.tif
1885215,47_44.tif
1885470,42_96.tif
1885980,30_26.tif
1886490,13_81.tif
1887000,45_34.tif
1887255,16_65.tif
1887765,36_13.tif
1887765,38_102.tif
1888275,41_16.tif
1888530,8_110.tif
1889040,9_70.tif
1889550,23_53.tif
1890315,41_71.tif
1890825,10_4.tif
1893375,16_89.tif
1894905,15_54.tif
1894905,32_98.tif
1894905,35_68.tif
1895670,44_47.tif
1896435,38_93.tif
1896690,43_11.tif
1896945,23_31.tif
1897455,16_11.tif
1897455,28_18.tif
1897455,43_32.tif
1898475,19_5.tif
1899750,41_39.tif
1900260,30_31.tif
1900770,13_20.tif
1902045,47_41.tif
1902810,43_90.tif
1903320,43_39.tif
1903575,8_85.tif
1904085,21_52.tif
1904085,34_57.tif
1905615,42_75.tif
1906125,23_23.tif
1906380,9_94.tif
1906635,4_44.tif
1907145,26_24.tif
1907145,37_37.tif
1908675,34_60.tif
1909185,14_42.tif
1909185,18_24.tif
1909440,16_64.tif
1909440,34_47.tif
1909950,26_105.tif
1911735,19_14.tif
1912755,12_70.tif
1912755,21_6.tif
1913265,15_77.tif
1913265,25_97.tif
1913775,28_43.tif
1914030,13_74.tif
1914030,41_21.tif
1915050,42_90.tif
1916325,45_86.tif
1916580,24_5.tif
1916835,11_55.tif
1917345,2_23.tif
1918875,31_30.tif
1919895,24_95.tif
1920150,15_90.tif
1921170,24_8.tif
1921935,20_90.tif
1921935,9_97.tif
1922445,26_18.tif
1922700,11_24.tif
1922700,21_67.tif
1923465,29_14.tif
1923975,37_29.tif
1924230,32_118.tif
1924230,32_58.tif
1924995,23_43.tif
1924995,35_46.tif
1924995,44_9.tif
1925250,23_93.tif
1925505,32_47.tif
1927290,23_32.tif
1927545,47_57.tif
1928055,24_30.tif
1928310,16_83.tif
1928565,43_105.tif
1928820,37_36.tif
1929585,11_65.tif
1929585,32_105.tif
1929840,41_10.tif
1930605,35_3.tif
1932135,41_100.tif
1932645,11_82.tif
1932645,1_119.tif
1932900,10_38.tif
1932900,37_26.tif
1933155,37_43.tif
1933155,7_116.tif
1933410,47_10.tif
1933665,24_58.tif
1934940,38_50.tif
1935195,24_29.tif
1935450,26_37.tif
1935450,28_79.tif
1935705,7_92.tif
1937745,24_70.tif
1938255,23_19.tif
1939785,24_111.tif
1940040,23_14.tif
1940295,45_52.tif
1940550,28_84.tif
1940550,35_39.tif
1942335,26_69.tif
1942845,14_57.tif
1943100,24_113.tif
1943100,46_92.tif
1943355,25_58.tif
1944120,37_41.tif
1944120,41_83.tif
1944375,42_19.tif
1946415,11_96.tif
1947180,7_33.tif
1947435,37_86.tif
1947945,10_18.tif
1947945,26_56.tif
1948200,10_15.tif
1948200,19_41.tif
1948455,8_47.tif
1948710,41_12.tif
1949730,29_82.tif
1949730,32_18.tif
1949730,43_40.tif
1952025,9_12.tif
1952280,41_106.tif
1953045,41_23.tif
1953045,43_27.tif
1953555,23_29.tif
1954065,4_74.tif
1954575,37_60.tif
1955085,8_102.tif
1955340,24_38.tif
1955340,30_103.tif
1955595,15_31.tif
1956360,8_89.tif
1956870,47_26.tif
1957635,35_15.tif
1958145,41_85.tif
1958400,13_57.tif
1959930,9_120.tif
1960185,11_97.tif
1960695,43_98.tif
1960950,32_116.tif
1962990,32_10.tif
1963755,27_54.tif
1964010,9_14.tif
1964520,11_74.tif
1964520,28_82.tif
1965030,43_18.tif
1965540,24_98.tif
1965540,38_43.tif
1965795,37_117.tif
1966815,4_11.tif
1968090,44_60.tif
1968345,10_32.tif
1968855,24_73.tif
1969365,43_47.tif
1969875,41_72.tif
1970130,32_41.tif
1970385,24_51.tif
1970895,26_52.tif
1970895,28_108.tif
1971150,15_78.tif
1972170,38_16.tif
1972170,3_69.tif
1972680,37_63.tif
1973190,41_90.tif
1974210,41_78.tif
1974720,35_12.tif
1975740,13_29.tif
1975995,4_18.tif
1976250,16_77.tif
1978290,21_92.tif
1978545,14_38.tif
1979565,11_67.tif
1979565,36_58.tif
1979820,41_119.tif
1980075,35_47.tif
1981605,19_97.tif
1981860,25_55.tif
1982115,26_8.tif
1983135,32_51.tif
1983645,16_58.tif
1984155,15_55.tif
1984410,6_13.tif
1986705,19_86.tif
1986960,22_100.tif
1987470,44_17.tif
1989000,43_83.tif
1989255,38_13.tif
1989765,24_60.tif
1990020,30_60.tif
1990530,36_34.tif
1991040,19_26.tif
1991805,41_81.tif
1992060,9_26.tif
1993335,37_58.tif
1993335,9_35.tif
1995630,28_15.tif
1995885,28_17.tif
1997160,43_31.tif
1997925,35_74.tif
1998945,36_5.tif
1999200,29_29.tif
1999200,41_38.tif
1999710,11_93.tif
1999710,13_88.tif
1999710,13_94.tif
1999710,9_58.tif
2000220,20_72.tif
2000730,36_104.tif
2000985,32_48.tif
2001495,30_30.tif
2001750,13_89.tif
2003280,18_53.tif
2003280,32_92.tif
2004045,37_105.tif
2004300,21_64.tif
2004300,32_27.tif
2004300,32_35.tif
2004555,47_36.tif
2004810,18_46.tif
2005065,43_9.tif
2005830,13_86.tif
2005830,44_4.tif
2006085,20_2.tif
2006340,44_98.tif
2006595,44_15.tif
2007615,2_12.tif
2007870,29_72.tif
2007870,8_48.tif
2008125,22_36.tif
2008125,41_67.tif
2008635,28_37.tif
2008890,22_85.tif
2009655,20_5.tif
2011440,20_33.tif
2011695,23_117.tif
2011695,24_110.tif
2011695,44_62.tif
2012460,36_113.tif
2012460,3_111.tif
2012715,21_81.tif
2012715,30_1.tif
2012715,32_60.tif
2013735,11_39.tif
2013735,9_48.tif
2015010,9_47.tif
2015265,9_56.tif
2016030,13_22.tif
2017305,29_40.tif
2018070,13_25.tif
2018070,41_110.tif
2018580,44_33.tif
2020110,16_45.tif
2021130,20_4.tif
2021895,10_1.tif
2021895,15_13.tif
2021895,28_35.tif
2022150,36_87.tif
2022660,23_20.tif
2023170,37_2.tif
2026230,29_27.tif
2026485,35_85.tif
2027250,10_70.tif
2027250,20_38.tif
2027505,32_14.tif
2027505,41_17.tif
2027760,14_90.tif
2028780,37_65.tif
2029290,7_28.tif
2030310,35_18.tif
2030310,37_44.tif
2030820,7_12.tif
2031330,18_52.tif
2033370,10_109.tif
2034390,14_108.tif
2037450,12_42.tif
2038215,32_39.tif
2038215,35_51.tif
2038215,35_64.tif
2038470,10_9.tif
2038470,9_29.tif
2038980,44_90.tif
2040765,16_107.tif
2041785,29_19.tif
2041785,37_34.tif
2042295,36_10.tif
2042805,35_113.tif
2043060,28_60.tif
2043060,41_96.tif
2043570,36_38.tif
2043825,16_114.tif
2043825,1_3.tif
2044080,44_11.tif
2045100,32_24.tif
2046120,47_4.tif
2046630,47_18.tif
2047395,26_104.tif
2047395,9_67.tif
2048160,7_4.tif
2048415,41_50.tif
2049180,20_80.tif
2050710,11_44.tif
2050965,37_77.tif
2051985,23_102.tif
2053005,37_66.tif
2053005,41_109.tif
2054025,13_12.tif
2054280,19_21.tif
2054280,44_32.tif
2054790,4_59.tif
2055300,16_98.tif
2055300,28_69.tif
2056320,32_36.tif
2056830,12_33.tif
2057850,41_62.tif
2058360,47_56.tif
2059635,27_99.tif
2060655,26_20.tif
2060655,7_107.tif
2061165,11_11.tif
2061420,19_66.tif
2063205,32_30.tif
2063460,11_108.tif
2063715,28_67.tif
2064225,26_30.tif
2065755,41_15.tif
2066010,31_91.tif
2066010,32_12.tif
2067030,47_13.tif
2067285,32_117.tif
2068305,36_21.tif
2068560,37_92.tif
2069070,41_116.tif
2070090,41_82.tif
2070600,37_7.tif
2070600,9_53.tif
2071110,29_1.tif
2071365,36_51.tif
2071875,7_114.tif
2072130,15_106.tif
2072385,1_32.tif
2073150,13_31.tif
2074935,35_117.tif
2074935,37_28.tif
2075445,9_22.tif
2076210,16_73.tif
2076465,32_82.tif
2078505,23_99.tif
2079270,20_41.tif
2079525,15_96.tif
2080545,9_55.tif
2081055,9_116.tif
2081565,15_45.tif
2083605,31_26.tif
2083605,37_24.tif
2083605,8_72.tif
2084370,29_64.tif
2085135,11_7.tif
2085900,43_55.tif
2086155,11_40.tif
2086155,32_32.tif
2086155,9_9.tif
2087940,11_3.tif
2088450,37_88.tif
2088705,26_49.tif
2088705,47_23.tif
2089215,21_94.tif
2089470,29_71.tif
2089980,27_37.tif
2093550,10_54.tif
2093805,38_19.tif
2094570,29_46.tif
2094825,29_8.tif
2095080,30_39.tif
2095335,7_16.tif
2095590,21_29.tif
2095845,41_65.tif
2096355,44_30.tif
2097630,41_27.tif
2097885,4_81.tif
2098140,37_52.tif
2100435,21_98.tif
2103240,24_50.tif
2103750,1_51.tif
2105025,24_39.tif
2105025,41_97.tif
2105790,16_16.tif
2105790,23_42.tif
2105790,26_26.tif
2107065,23_46.tif
2107575,20_99.tif
2108595,16_30.tif
2108850,20_14.tif
2110125,17_89.tif
2111910,20_55.tif
2112420,8_55.tif
2113440,12_52.tif
2113950,4_90.tif
2114970,23_82.tif
2115990,30_2.tif
2116245,4_29.tif
2116755,2_58.tif
2117775,11_62.tif
2118285,23_100.tif
2119305,29_23.tif
2120070,16_78.tif
2120835,47_52.tif
2122875,41_103.tif
2124660,10_11.tif
2124660,32_26.tif
2125425,37_39.tif
2126955,14_47.tif
2127465,24_96.tif
2128230,15_1.tif
2133585,7_57.tif
2133840,37_40.tif
2136390,7_99.tif
2136645,25_107.tif
2136645,36_108.tif
2136900,20_22.tif
2136900,7_82.tif
2137410,24_19.tif
2138430,41_24.tif
2138685,28_22.tif
2139450,38_119.tif
2139705,37_23.tif
2140215,7_98.tif
2140725,16_55.tif
2141235,1_29.tif
2142765,38_52.tif
2143530,16_29.tif
2144040,7_1.tif
2144295,11_22.tif
2145825,46_27.tif
2145825,8_38.tif
2146590,15_49.tif
2147865,7_74.tif
2148375,42_24.tif
2149395,4_39.tif
2149905,32_37.tif
2150670,21_118.tif
2150925,28_114.tif
2151180,16_117.tif
2151690,44_36.tif
2153220,20_9.tif
2153220,35_71.tif
2153220,41_28.tif
2153475,16_103.tif
2153730,41_1.tif
2156025,4_6.tif
2157300,21_25.tif
2157810,23_90.tif
2159085,8_83.tif
2159595,32_78.tif
2160105,9_85.tif
2161125,43_53.tif
2161380,16_79.tif
2162655,44_56.tif
2163165,35_50.tif
2167500,36_4.tif
2168010,16_47.tif
2168520,9_75.tif
2168775,29_58.tif
2168775,42_82.tif
2169030,32_56.tif
2169795,14_32.tif
2169795,23_65.tif
2171580,36_120.tif
2172855,35_86.tif
2173110,35_11.tif
2175405,32_114.tif
2176170,16_67.tif
2176170,32_97.tif
2176425,19_96.tif
2176935,41_13.tif
2177445,16_60.tif
2177955,32_33.tif
2178720,8_50.tif
2180505,24_86.tif
2181525,17_19.tif
2181780,36_68.tif
2182545,43_24.tif
2183055,41_8.tif
2183310,32_112.tif
2184075,46_18.tif
2184330,29_117.tif
2184840,41_80.tif
2185860,1_50.tif
2187135,23_110.tif
2187390,11_30.tif
2187390,31_71.tif
2187900,35_40.tif
2188410,13_33.tif
2189430,14_53.tif
2190195,29_101.tif
2190450,14_21.tif
2191215,28_56.tif
2192235,13_13.tif
2192745,20_37.tif
2193000,28_1.tif
2194275,13_64.tif
2195040,24_37.tif
2196570,36_80.tif
2196825,11_70.tif
2198100,35_79.tif
2198355,43_34.tif
2200395,17_96.tif
2201415,14_1.tif
2202690,17_84.tif
2202945,7_20.tif
2205495,14_113.tif
2208555,24_102.tif
2209575,16_22.tif
2211360,30_74.tif
2212380,16_8.tif
2212380,37_32.tif
2212890,29_90.tif
2213400,20_52.tif
2213910,24_76.tif
2214165,18_93.tif
2214165,40_31.tif
2214420,19_59.tif
2216205,9_46.tif
2216460,11_36.tif
2220030,16_84.tif
2220285,32_87.tif
2222070,43_58.tif
2222835,37_15.tif
2225640,43_107.tif
2226150,11_14.tif
2226660,16_42.tif
2226915,43_15.tif
2227425,31_34.tif
2227425,41_66.tif
2227680,16_80.tif
2227680,18_29.tif
2227680,32_91.tif
2231760,14_3.tif
2232780,36_59.tif
2233035,21_37.tif
2233290,9_63.tif
2234565,23_85.tif
2234820,45_24.tif
2235075,19_90.tif
2236350,23_95.tif
2236605,16_25.tif
2237625,32_53.tif
2238900,10_72.tif
2239920,32_6.tif
2240940,41_61.tif
2241195,10_81.tif
2241450,47_50.tif
2241705,24_72.tif
2244255,4_96.tif
2245275,42_107.tif
2245530,39_108.tif
2246295,18_48.tif
2246295,45_76.tif
2246550,32_11.tif
2247570,30_3.tif
2250630,15_112.tif
2250885,37_56.tif
2251140,14_106.tif
2252415,24_65.tif
2253180,7_66.tif
2253690,28_50.tif
2255475,1_66.tif
2258025,37_33.tif
2258790,35_5.tif
2260320,20_30.tif
2261085,20_23.tif
2261595,35_114.tif
2261850,22_72.tif
2264655,20_77.tif
2270265,24_93.tif
2271285,16_81.tif
2271540,14_112.tif
2274855,32_102.tif
2275110,22_107.tif
2278935,12_24.tif
2279445,20_87.tif
2280210,25_35.tif
2281995,42_37.tif
2284290,41_40.tif
2284800,16_100.tif
2284800,21_77.tif
2285055,16_49.tif
2286840,7_25.tif
2287095,24_2.tif
2287095,31_13.tif
2288115,11_71.tif
2288370,43_4.tif
2289135,10_55.tif
2289645,23_116.tif
2291175,7_60.tif
2291685,16_17.tif
2292960,30_98.tif
2293215,24_119.tif
2293980,7_73.tif
2294235,20_28.tif
2294235,32_104.tif
2294745,10_2.tif
2295255,3_63.tif
2297805,7_64.tif
2298570,37_10.tif
2300610,15_79.tif
2302395,9_60.tif
2304945,32_31.tif
2304945,3_64.tif
2305200,32_113.tif
2305455,20_104.tif
2310300,9_11.tif
2313870,9_23.tif
2318460,16_46.tif
2321010,20_50.tif
2321265,31_36.tif
2323305,2_94.tif
2323560,43_8.tif
2325345,15_115.tif
2325600,16_23.tif
2325855,20_71.tif
2328660,37_11.tif
2328915,31_4.tif
2329170,47_42.tif
2331975,32_2.tif
2331975,35_16.tif
2334270,41_101.tif
2334780,26_1.tif
2336565,37_17.tif
2336820,7_90.tif
2336820,8_25.tif
2337840,4_20.tif
2338605,32_77.tif
2340900,7_24.tif
2342940,14_2.tif
2343705,42_81.tif
2344725,26_16.tif
2345490,21_40.tif
2346000,22_47.tif
2347020,29_16.tif
2348295,26_58.tif
2349060,7_37.tif
2350080,9_27.tif
2350590,37_57.tif
2352375,29_22.tif
2352630,16_34.tif
2353650,20_26.tif
2353905,7_39.tif
2355945,32_22.tif
2356200,38_22.tif
2356965,29_42.tif
2357220,15_101.tif
2358240,20_45.tif
2359005,41_108.tif
2359770,11_6.tif
2361555,21_109.tif
2363085,21_79.tif
2364870,38_32.tif
2369970,7_49.tif
2370225,32_90.tif
2372265,20_76.tif
2374050,16_37.tif
2375580,10_91.tif
2375835,40_45.tif
2379150,37_3.tif
2380680,29_3.tif
2381190,10_35.tif
2382465,36_2.tif
2383230,20_101.tif
2386035,41_59.tif
2386035,42_74.tif
2386290,7_112.tif
2387820,20_42.tif
2389605,10_45.tif
2389605,23_51.tif
2391645,21_7.tif
2392920,41_102.tif
2395980,16_94.tif
2395980,7_58.tif
2397000,37_103.tif
2397765,16_54.tif
2399805,7_17.tif
2400825,11_94.tif
2402355,7_56.tif
2402610,32_46.tif
2403375,4_53.tif
2404395,28_91.tif
2404395,7_13.tif
2406690,14_60.tif
2407710,12_45.tif
2407965,21_87.tif
2410005,13_9.tif
2415105,32_20.tif
2418420,15_4.tif
2418675,11_84.tif
2419440,7_96.tif
2420205,20_118.tif
2421735,38_96.tif
2423265,41_75.tif
2423520,42_100.tif
2424285,7_117.tif
2428875,37_76.tif
2431680,20_10.tif
2432190,36_69.tif
2432955,7_21.tif
2433465,20_8.tif
2436270,32_17.tif
2437290,36_95.tif
2437800,29_51.tif
2439585,29_109.tif
2440605,36_24.tif
2440605,7_5.tif
2440860,11_34.tif
2441625,15_14.tif
2442900,16_43.tif
2443410,14_9.tif
2444175,47_25.tif
2445960,19_104.tif
2448255,32_25.tif
2450040,16_33.tif
2452335,43_50.tif
2457435,7_79.tif
2459475,23_63.tif
2461005,20_89.tif
2461770,4_31.tif
2463300,23_113.tif
2464320,10_28.tif
2466615,47_45.tif
2468655,20_21.tif
2472735,15_56.tif
2473755,32_42.tif
2474520,29_61.tif
2476815,28_97.tif
2480130,11_69.tif
2480895,20_100.tif
2483445,12_69.tif
2487525,23_97.tif
2490840,9_37.tif
2494920,16_116.tif
2495685,24_112.tif
2498490,37_6.tif
2498490,7_14.tif
2499510,37_59.tif
2502060,19_84.tif
2503080,7_51.tif
2503590,4_25.tif
2508180,7_29.tif
2511495,2_54.tif
2512005,47_24.tif
2513025,10_98.tif
2513025,7_111.tif
2514300,44_116.tif
2515830,23_118.tif
2515830,4_23.tif
2516340,29_84.tif
2521440,7_26.tif
2522970,41_118.tif
2529090,18_34.tif
2533680,7_38.tif
2534445,29_107.tif
2539800,7_43.tif
2546175,7_2.tif
2547960,14_115.tif
2552040,21_56.tif
2567595,19_120.tif
2568105,32_34.tif
2570400,35_115.tif
2571165,35_120.tif
2574480,7_23.tif
2577285,7_87.tif
2577795,37_16.tif
2578560,9_80.tif
2586465,28_96.tif
2586465,35_105.tif
2588250,22_92.tif
2589780,22_49.tif
2595900,28_119.tif
2597175,32_61.tif
2598960,16_3.tif
2600745,23_61.tif
2602020,21_69.tif
2602785,7_100.tif
2603040,16_24.tif
2604060,32_3.tif
2604315,35_83.tif
2606100,7_34.tif
2612475,29_4.tif
2622675,16_61.tif
2624460,36_105.tif
2627265,29_88.tif
2627265,41_3.tif
2627520,17_90.tif
2630325,35_107.tif
2632365,15_98.tif
2633130,10_68.tif
2633640,35_80.tif
2633895,4_75.tif
2635680,7_71.tif
2637720,7_95.tif
2638485,18_45.tif
2646900,7_8.tif
2647920,17_119.tif
2654040,37_112.tif
2654805,16_105.tif
2656845,7_30.tif
2657100,16_96.tif
2657355,15_82.tif
2659140,14_109.tif
2659140,19_116.tif
2659140,2_84.tif
2660160,16_104.tif
2660160,7_41.tif
2669085,24_31.tif
2670870,29_52.tif
2671890,14_92.tif
2673930,18_13.tif
2675205,18_109.tif
2680560,7_83.tif
2681070,26_47.tif
2683875,22_5.tif
2684895,7_104.tif
2685405,29_92.tif
2687445,37_51.tif
2692800,16_21.tif
2696115,21_76.tif
2696370,22_12.tif
2700195,20_65.tif
2701980,20_103.tif
2707590,17_12.tif
2710905,32_84.tif
2711925,7_94.tif
2713200,29_63.tif
2723655,32_88.tif
2725950,1_53.tif
2727735,19_80.tif
2733090,16_93.tif
2743545,7_19.tif
2746095,22_74.tif
2746860,20_106.tif
2749920,14_39.tif
2751450,16_95.tif
2751960,23_74.tif
2753745,41_63.tif
2754510,37_42.tif
2768535,29_110.tif
2773380,7_7.tif
2776695,18_58.tif
2781030,7_85.tif
2790210,23_67.tif
2791740,17_27.tif
2797605,32_119.tif
2800410,7_31.tif
2805000,7_115.tif
2817240,22_101.tif
2819280,16_5.tif
2821830,20_48.tif
2827185,23_89.tif
2829990,7_106.tif
2838915,29_73.tif
2839170,32_107.tif
2852430,15_116.tif
2852940,14_24.tif
2869770,35_103.tif
2875380,7_54.tif
2877930,7_75.tif
2897055,7_101.tif
2898585,10_95.tif
2903685,7_15.tif
2913120,38_8.tif
2918730,14_103.tif
2919750,29_78.tif
2921790,16_27.tif
2932755,16_48.tif
2939895,18_44.tif
2941935,16_10.tif
2941935,22_19.tif
2946780,22_50.tif
2948055,29_85.tif
2986050,14_72.tif
2990130,19_75.tif
2994975,32_7.tif
2999565,15_61.tif
3008490,16_41.tif
3011550,16_50.tif
3015630,29_62.tif
3029655,23_112.tif
3070965,14_22.tif
3074025,7_61.tif
3081930,14_88.tif
3097995,16_101.tif
3108450,10_100.tif
3169140,11_54.tif
3192855,14_26.tif
3204840,35_118.tif
3221415,20_66.tif
3257115,14_91.tif
3284655,29_95.tif
3324180,23_72.tif
3334380,16_82.tif
3389970,35_109.tif
3399915,32_66.tif
3428220,32_64.tif
3443775,7_77.tif
3476925,7_65.tif
3521805,32_62.tif
3526650,42_119.tif
3562605,20_70.tif
3578160,29_77.tif
3602130,3_73.tif
3624060,7_119.tif
3651090,35_87.tif
3664605,42_84.tif
3682455,35_89.tif
3760995,7_70.tif
3842340,38_62.tif
4446945,20_93.tif
